<?xml version="1.0" encoding="UTF-8" ?>
<!DOCTYPE mapper PUBLIC "-//mybatis.org//DTD Mapper 3.0//EN" "http://mybatis.org/dtd/mybatis-3-mapper.dtd" >
<mapper namespace="org.fh.mapper.dsno1.workorder.HsSmsLogMapper" >
  <resultMap id="BaseResultMap" type="org.fh.entity.workerorder.HsSmsLog" >
    <!--
      WARNING - @mbggenerated
    -->
    <id column="id" property="id" jdbcType="INTEGER" />
    <result column="work_id" property="workId" jdbcType="VARCHAR" />
    <result column="batch_num" property="batchNum" jdbcType="VARCHAR" />
    <result column="sms_content" property="smsContent" jdbcType="VARCHAR" />
    <result column="phone" property="phone" jdbcType="VARCHAR" />
    <result column="create_time" property="createTime" jdbcType="TIMESTAMP" />
    <result column="creator_name" property="creatorName" jdbcType="VARCHAR" />
    <result column="creator_id" property="creatorId" jdbcType="VARCHAR" />
    <result column="sms_status" property="smsStatus" jdbcType="INTEGER" />
    <result column="flag" property="flag" jdbcType="VARCHAR" />
  </resultMap>


  <select id="selectListByCondition" parameterType="org.fh.model.workorder.HsSmsLogReq" resultMap="BaseResultMap" >
    select  * from hs_sms_log where 1=1

    <if test="workId!=null and workId!=''">
      and work_id  like CONCAT('%',#{workId},'%')
    </if>

    <if test="batchNum!=null and batchNum!=''">
      and batch_num   like CONCAT('%',#{batchNum},'%')
    </if>

    <if test="phone!=null and phone!=''">
      and phone   like CONCAT('%',#{phone},'%')
    </if>

    <if test="creatorName!=null and creatorName!=''">
      and creator_name like CONCAT('%',#{creatorName},'%')
    </if>

    <if test=' smsStatus == "1" '>
      and sms_status = 1
    </if>
    <if test=' smsStatus == "0" '>
      and sms_status = 0
    </if>

    <if test=" flag!=null and flag!='' ">
      and flag = #{flag}
    </if>
    <if test="approverName!=null and approverName!=''">
      and approver_name   like CONCAT('%',#{approverName},'%')
    </if>

    <if test="smsContent!=null and smsContent!=''">
      and sms_content   like CONCAT('%',#{smsContent},'%')
    </if>

    <if test=" startTime !=null and startTime != '' " >
      <![CDATA[  and create_time >= to_date(#{startTime},'yyyy-MM-dd hh24:mi:ss')   ]]>
    </if>

    <if test=" endTime !=null and endTime != '' " >
      <![CDATA[ and create_time <= to_date(#{endTime},'yyyy-MM-dd hh24:mi:ss')   ]]>
    </if>

    order  by id desc
  </select>







</mapper>