<?xml version="1.0" encoding="UTF-8" ?>
<!DOCTYPE mapper PUBLIC "-//mybatis.org//DTD Mapper 3.0//EN" "http://mybatis.org/dtd/mybatis-3-mapper.dtd" >
<mapper namespace="org.fh.mapper.dsno1.workorder.ReminderMapper" >
  <resultMap id="BaseResultMap" type="org.fh.entity.workerorder.Reminder" >
    <id column="id" property="id" jdbcType="VARCHAR" />
    <result column="work_id" property="workId" jdbcType="VARCHAR" />
    <result column="user_id" property="userId" jdbcType="VARCHAR" />
    <result column="create_time" property="createTime" jdbcType="TIMESTAMP" />
    <result column="user_name" property="userName" jdbcType="VARCHAR" />
    <result column="remark" property="remark" jdbcType="VARCHAR" />
  </resultMap>
  <sql id="Base_Column_List" >
    id, work_id, user_id, create_time, user_name,remark
  </sql>
  <select id="selectByPrimaryKey" resultMap="BaseResultMap" parameterType="java.lang.Integer" >
    select 
    <include refid="Base_Column_List" />
    from hs_reminder
    where id = #{id,jdbcType=INTEGER}
  </select>
  <select id="selectlasterReminder" parameterType="string" resultMap="BaseResultMap">
    select
    <include refid="Base_Column_List" />
    from hs_reminder
    where work_id = #{workId} order by create_time desc  limit 1 offset 0
  </select>
  <insert id="insert" parameterType="org.fh.entity.workerorder.Reminder" >
    insert into hs_reminder (id, work_id, user_id,
      create_time, user_name,remark)
    values (#{id,jdbcType=INTEGER}, #{workId,jdbcType=CHAR}, #{userId,jdbcType=CHAR}, 
      #{createTime,jdbcType=TIMESTAMP}, #{userName,jdbcType=VARCHAR}, #{remark,jdbcType=VARCHAR})
  </insert>
</mapper>