<?xml version="1.0" encoding="UTF-8"?>
<!DOCTYPE mapper PUBLIC "-//mybatis.org//DTD Mapper 3.0//EN" "http://mybatis.org/dtd/mybatis-3-mapper.dtd">
<mapper namespace="org.fh.mapper.dsno1.category.CategoryMapper">

    <!--表名 -->
    <sql id="tableName">
        nid_category_related
    </sql>

    <sql id="tableName2">
        nid_category
    </sql>

    <!-- 字段 -->
    <sql id="Field">
        id,
        name,
        description,
        form_model_id,
        activiti_proc_key,
        category_id as parentId,
        is_valid,
        start_role,
        company_id,
        crt_time
    </sql>

    <sql id="Field3">
        id,
        name,
        category_id,
        is_valid,
        company_id,
        status,
        crt_time
    </sql>

    <sql id="Field2">
        id,
        name,
        description,
        parent_id,
        company_id,
        crt_time
    </sql>

    <!-- 字段值 -->
    <sql id="FieldValue">
        #{id},
        #{name},
        #{categoryId},
        #{isValid},
        #{companyId},
        #{status},
        now()
    </sql>

    <sql id="FieldValue2">
        #{id},
        #{name},
        #{description},
        #{parentId},
        #{companyId},
        now()
    </sql>

    <!-- 新增-->
    <insert id="save" parameterType="pd">
        insert into
        <include refid="tableName"></include>
        (
        <include refid="Field3"></include>
        ) values (
        <include refid="FieldValue"></include>
        )
    </insert>

    <!-- 删除-->
    <update id="delete" parameterType="pd">
        update
          <include refid="tableName"></include>
        set
          status = '1',
          form_model_id = null,
          activiti_proc_key = null,
          start_role = null
        where
          id = #{id} and company_id=#{companyId}
    </update>

    <!-- 修改 -->
    <update id="edit" parameterType="pd">
        update
          <include refid="tableName"></include>
        set
            name = #{name},
            description = #{description,jdbcType=VARCHAR},
            form_model_id = #{formModelId,jdbcType=VARCHAR},
            activiti_proc_key = #{activitiProcKey,jdbcType=VARCHAR},
            is_valid = #{isValid},
            start_role = #{startRole,jdbcType=VARCHAR}
        where
          id = #{id} and company_id=#{companyId}
    </update>

    <!-- 通过查询所有的细分类获取数据 -->
    <select id="list" parameterType="java.util.Map" resultType="pd">
        select
          ncr.id,
          ncr.name
        from
          nid_category_related ncr
        inner join
          ump_user uu
        on ncr.company_id = uu.company_pk
        where
          uu.pk = #{userId}
        order by crt_time desc
    </select>

    <!-- 通过ID获取数据 -->
    <select id="findById" parameterType="pd" resultType="pd">
        select
          <include refid="Field"></include>
        from
          <include refid="tableName"></include>
        where
          id = #{id}
    </select>

    <!-- 更新种类的启动角色 -->
    <update id="updateStartRoleByProcKey" parameterType="java.util.Map">
        update
        <include refid="tableName"></include>
        set
          start_role = #{startRole}
        where
          activiti_proc_key = #{procKey}
    </update>

    <insert id="addCatalogue" parameterType="pd">
        insert into
        <include refid="tableName2"></include>
        (
        <include refid="Field2"></include>
        ) values (
        <include refid="FieldValue2"></include>
        )
    </insert>

    <!-- 更新工单分类目录 -->
    <update id="updateCatalogue" parameterType="java.util.Map">
        update
        <include refid="tableName2"></include>
        set
          name = #{name},
          description = #{description,jdbcType=VARCHAR}
        where
        id = #{id} and company_id=#{companyId}
    </update>

    <!-- 删除-->
    <update id="deleteCatalogue" parameterType="java.util.Map">
        update
          <include refid="tableName2"></include>
        set
          status = '1'
        where
          id = #{id}
    </update>
    <!--删除工单分类目录，同时删除工单分类子类，解绑-->
    <update id="deleteSubCategoryList" parameterType="java.util.Map">
        update
            <include refid="tableName"></include>
        set
            status = '1',
            form_model_id = null,
            activiti_proc_key = null,
            start_role = null
        where
            id in
        <foreach collection="subCateList" item="subCate" open="(" separator="," close=")">
            #{subCate.id}
        </foreach>
    </update>

    <select id="listSubCateByParentId" parameterType="java.util.Map" resultType="org.fh.entity.system.NidCategory">
        select
        <include refid="Field2"></include>
        from
        <include refid="tableName2"></include>
        where
          parent_id = #{parentId}
        and
          company_id = #{companyId}
        and
          status = '0'
        order by crt_time
    </select>

    <select id="listNidSubCateByCategoryId" parameterType="java.util.Map" resultType="org.fh.entity.system.NidSubCategory">
        select
          <include refid="Field"></include>
        from
          <include refid="tableName"></include>
        where
          category_id = #{categoryId}
        and
          company_id = #{companyId}
        and
          status = '0'
        order by crt_time
    </select>
    <!--判断分类下是否重名-->
    <select id="isRename" resultType="java.lang.Integer">
        SELECT COUNT(0)
        FROM nid_category WHERE status = 0  AND name = #{name}
        and company_id=#{companyId} and parent_id=#{parentId}
        <if test="editFlag == true">
            AND
            id !=#{id}
        </if>
    </select>
    <!--判断分类关联表下是否重名-->
    <select id="isRenameForRelated" resultType="java.lang.Integer">
        SELECT COUNT(0)
        FROM nid_category_related
        WHERE status = '0'  AND name = #{name}
        and company_id=#{companyId} and category_id=#{categoryId}
        <if test="editFlag == true">
            AND
            id !=#{id}
        </if>
    </select>
    <select id="listCanCreateCategory" parameterType="java.util.Map" resultType="org.fh.entity.system.NidSubCategory">
        select
          <include refid="Field"></include>
        from
          <include refid="tableName"></include>
        where
          category_id = #{categoryId}


        and
          is_valid ='1'
        and
          status = '0'
        order by crt_time desc
    </select>

    <select id="existCategoryByProcKey"  parameterType="java.util.Map" resultType="java.lang.Integer">
        select
          count(0)
        from
          nid_category_related
        where
          activiti_proc_key = #{activitiProcKey}
        and
          company_id = #{companyId}
    </select>
</mapper>