<?xml version="1.0" encoding="UTF-8" ?>
<!DOCTYPE mapper PUBLIC "-//mybatis.org//DTD Mapper 3.0//EN" "http://mybatis.org/dtd/mybatis-3-mapper.dtd" >
<mapper namespace="org.fh.mapper.dsno1.workorder.HsQualityStatisticMapper" >

    <resultMap id="qualityStatisticMap" type="org.fh.entity.workerorder.HsQualityStatistic" >
        <id column="id" property="id" jdbcType="VARCHAR" />
        <result column="supervisor" property="supervisor" jdbcType="VARCHAR"/>
        <result column="call_time" property="callTime" jdbcType="VARCHAR"/>
        <result column="ib_amount" property="ibAmount" jdbcType="INTEGER"/>
        <result column="witness_amount" property="witnessAmount" jdbcType="INTEGER"/>
        <result column="layer_amount" property="layerAmount" jdbcType="INTEGER"/>
        <result column="daily_risk_rating_count" property="dailyRiskRatingCount" jdbcType="INTEGER"/>
        <result column="post_risk_rating_count" property="postRiskRatingCount" jdbcType="INTEGER"/>
        <result column="error_description_count" property="errorDescriptionCount" jdbcType="VARCHAR"/>
        <result column="error_type_count" property="errorTypeCount" jdbcType="VARCHAR"/>
    </resultMap>

    <insert id="batchInsert" parameterType="org.fh.entity.workerorder.HsQualityStatistic">
        insert into hs_quality_statistic(id,supervisor,call_time,ib_amount,witness_amount,layer_amount,
        daily_risk_rating_count,post_risk_rating_count,error_description_count,error_type_count)
        values
        <foreach collection="statisticList" item="item" separator=",">
            (#{item.id},#{item.supervisor},#{item.callTime},#{item.ibAmount},#{item.witnessAmount},
            #{item.layerAmount},#{item.dailyRiskRatingCount},#{item.postRiskRatingCount},
            #{item.errorDescriptionCount},#{item.errorTypeCount})
        </foreach>
    </insert>

    <select id="selectStatisticList" parameterType="org.fh.model.workorder.HsQualityStatisticReq"
            resultMap="qualityStatisticMap">

        select supervisor,call_time,ib_amount,witness_amount,layer_amount,
        daily_risk_rating_count,post_risk_rating_count,error_description_count,error_type_count
        from hs_quality_statistic
        where 1=1
        <if test="startTime != null and startTime != ''">
            and call_time <![CDATA[>= ]]> #{startTime}
        </if>
        <if test="endTime != null and endTime != ''">
            and call_time <![CDATA[<= ]]> #{endTime}
        </if>
        <if test="supervisor != null and supervisor != ''">
            and supervisor = #{supervisor}
        </if>
    </select>



</mapper>