<?xml version="1.0" encoding="UTF-8" ?>
<!DOCTYPE mapper PUBLIC "-//mybatis.org//DTD Mapper 3.0//EN" "http://mybatis.org/dtd/mybatis-3-mapper.dtd" >
<mapper namespace="org.fh.mapper.dsno1.workorder.HsWorkOrderStatisticMapper" >

    <resultMap id="workOrderStatisticMap" type="org.fh.entity.workerorder.HsWorkOrderStatistic" >
        <id column="id" property="id" jdbcType="VARCHAR" />
        <result column="user_id" property="userId" jdbcType="VARCHAR"/>
        <result column="account_name" property="userName" jdbcType="VARCHAR"/>
        <result column="create_time" property="createTime" jdbcType="VARCHAR"/>
        <result column="undistributed" property="undistributed" jdbcType="INTEGER"/>
        <result column="pending" property="pending" jdbcType="INTEGER"/>
        <result column="resolved" property="resolved" jdbcType="INTEGER"/>
        <result column="closed" property="closed" jdbcType="INTEGER"/>
        <result column="retail" property="retail" jdbcType="INTEGER"/>
        <result column="corporate" property="corporate" jdbcType="INTEGER"/>
        <result column="amount" property="amount" jdbcType="INTEGER"/>
    </resultMap>

    <insert id="batchInsert" parameterType="org.fh.entity.workerorder.HsWorkOrderStatistic">
        insert into hs_work_order_statistic(id,user_id,user_name,create_time,undistributed,pending,
        resolved,closed,retail,corporate,amount,forms,advisory)
        values
        <foreach collection="statisticList" item="item" separator=",">
            (#{item.id},#{item.userId},#{item.userName},#{item.createTime},#{item.undistributed},
            #{item.pending},#{item.resolved},#{item.closed},#{item.retail},#{item.corporate},#{item.amount},
            #{item.forms},#{item.advisory})
        </foreach>
    </insert>

    <select id="selectStatisticList" parameterType="org.fh.model.workorder.HsWorkOrderStatisticReq"
            resultMap="workOrderStatisticMap">

        select hwos.id,hwos.user_id,u.account_name,hwos.create_time,undistributed,pending,resolved,closed,
                retail,corporate,amount
        from hs_work_order_statistic hwos
        left join ump_user u on hwos.user_id=u.pk
        where 1=1
        <if test="userId != null and userId != ''">
            and user_id in
            <foreach collection="userId.split(',')" item="item" open="(" separator="," close=")">
                '${item}'
            </foreach>
        </if>
        <if test="startTime != null and startTime != ''">
            and hwos.create_time <![CDATA[>= ]]> #{startTime}
        </if>
        <if test="endTime != null and endTime != ''">
            and hwos.create_time <![CDATA[<= ]]> #{endTime}
        </if>
        <if test="advisoryType != null and advisoryType != ''">
            and hwos.advisory like CONCAT('%',#{advisoryType},'%')
        </if>
        order by hwos.create_time desc

    </select>

    <select id="selectChart" parameterType="org.fh.model.workorder.HsWorkOrderStatisticReq"
            resultType="org.fh.entity.workerorder.HsWorkOrderStatistic">

        select undistributed,pending,resolved,closed,amount,forms,advisory
        from hs_work_order_statistic
        where 1=1
        <if test="userId != null and userId != ''">
            and user_id in
            <foreach collection="userId.split(',')" item="item" open="(" separator="," close=")">
                '${item}'
            </foreach>
        </if>
        <if test="startTime != null and startTime != ''">
            and create_time <![CDATA[>= ]]> #{startTime}
        </if>
        <if test="endTime != null and endTime != ''">
            and create_time <![CDATA[<= ]]> #{endTime}
        </if>

    </select>


</mapper>