<?xml version="1.0" encoding="UTF-8"?>
<!DOCTYPE mapper PUBLIC "-//mybatis.org//DTD Mapper 3.0//EN" "http://mybatis.org/dtd/mybatis-3-mapper.dtd">
<mapper namespace="org.fh.mapper.dsno1.act.RuTaskMapper">

    <!--运行任务表名 -->
    <sql id="ruTaskTableName">
        ACT_RU_TASK
    </sql>

    <!--历史任务表 -->
    <sql id="hiTaskTableName">
        ACT_HI_TASKINST
    </sql>

    <!--流程变量表 -->
    <sql id="vartableName">
        ACT_RU_VARIABLE
    </sql>


    <!--历史任务表 -->
    <sql id="hitasktableName">
        ACT_HI_TASKINST
    </sql>

    <update id="setRuTaskTenantId" parameterType="java.util.Map">
        update
        <include refid="ruTaskTableName"></include>
        set
        TENANT_ID_ = #{tenantId}
        where ID_ = #{taskId}
    </update>

    <update id="setHiTaskTenantId" parameterType="java.util.Map">
        update
        <include refid="hiTaskTableName"></include>
        set
        TENANT_ID_ = #{tenantId}
        where ID_ = #{taskId}
    </update>

    <update id="updateHiTaskClaimTime" parameterType="java.util.Map">
        update
        <include refid="hiTaskTableName"></include>
        set
            claim_time_ = #{currentTime}
        where ID_ = #{taskId}
    </update>

    <update id="updateRuTaskClaimTime" parameterType="java.util.Map">
        update
        <include refid="ruTaskTableName"></include>
        set
        claim_time_ = #{currentTime}
        where ID_ = #{taskId}
    </update>

    <select id="getLastProcDefId" parameterType="string" resultType="string">
        select
          id_
        from
          act_re_procdef
        where
          key_ = #{procKey}
        order by version_ desc limit 1
    </select>

    <select id="getOldestPreviousTaskKey" parameterType="java.util.Map" resultType="string">
        select
            task_def_key_
        from
            act_hi_taskinst
        where
            proc_inst_id_ = #{procInstId}
        and
            task_def_key_ in
        <foreach collection="taskKeyList" item="previousTaskKey" open="(" separator="," close=")">
            #{previousTaskKey}
        </foreach>
        order by start_time_ limit 1
    </select>
    
    <update id="setProcInstTenantId" parameterType="java.util.Map" >
        update
            act_hi_procinst
        set
            TENANT_ID_ = #{startRole}
        where
            ID_ = #{procInstId}
    </update>

    <select id="countModelByProcKey" parameterType="string" resultType="integer" >
        select
          count(0)
        from
          act_re_model
        where key_ = #{procKey}
    </select>

    <select id="countProcInstByProcKey" parameterType="string" resultType="integer" >
        select
          count(0)
        from
          act_hi_procinst
        where
          end_time_ is null
        and
          proc_def_id_ like CONCAT('%',#{procKey},'%')
    </select>

    <select id="getRunProcDefIdByProcDefKey" parameterType="string" resultType="java.lang.String">
        select
            distinct proc_def_id_
        from
            act_hi_procinst
        where
            end_time_ is null
        and
            proc_def_id_ like CONCAT('%',#{procKey},'%')
    </select>

    <select id="getTaskDefLastAssignee" parameterType="java.util.Map" resultType="string">
        	select
                assignee_
			from
                act_hi_taskinst
			where
					end_time_ =
				(select
                    Max(end_time_)
                from
                    act_hi_taskinst
                where
                    task_def_key_ = #{rejectTaskDefKey}
                and
                    proc_inst_id_ = #{procInstId}
                 )
            and
                task_def_key_ = #{rejectTaskDefKey}
            and
                proc_inst_id_ =  #{procInstId}
    </select>
</mapper>