{
	"job": {
		"setting": {
			"speed": {
				"byte": 1048576
			},
			"errorLimit": {
				"record": 0,
				"percentage": 0.02
			}
		},
		"content": [{
			"reader": {
				"name": "postgresqlreader",
				"parameter": {
					"username": "postgres",
					"password": "xuhonghong",
					"connection": [{
						"querySql": ["SELECT K.ID AS _id,K.ID AS id,K.company_id AS companyId,K.title AS title,K.cover_url AS coverUrl,K.classify_id AS classifyId,K.TYPE AS TYPE,K.publish_uid AS publishUid,K.reception_status AS receptionStatus,K.del_flag AS delFlag,K.create_time AS createTime,K.update_time AS updateTime,K.update_by AS updateBy,K.create_by AS createBy,C.ID AS CID,K.ID AS knowledgeId,K.role_ids AS roleIds,C.CONTENT AS CONTENT,ifnull ( d.view_number, 0 ) AS viewNumber FROM kf_knowledge K LEFT JOIN kf_knowledge_content C ON K.ID = C.knowledge_id LEFT JOIN kf_knowledge_stats d ON K.ID = d.knowledge_id where (k.update_time>='${start_time}' AND k.update_time<'${end_time}') or  (k.create_time >= '${start_time}' AND k.create_time < '${end_time}');"],
						"jdbcUrl": ["jdbc:postgresql://127.0.0.1:5432/test"]
					}]
				}
			},
			"writer": {
				"name": "elasticsearchwriter",
				"parameter": {
					"endpoint": "http://27.115.49.154:9277",
					"index": "kf_knowledge_dev",
					"type": "_doc",
					"cleanup": false,
					"dynamic": true,
					"settings": {
						"index": {
							"number_of_shards": 2,
							"number_of_replicas": 3
						}
					},
					"batchSize": 5000,
					"column": [{
						"name": "_id",
						"type": "id"
					}, {
						"name": "id",
						"type": "long"
					}, {
						"name": "companyId",
						"type": "long"
					}, {
						"name": "title",
						"type": "text"
					}, {
						"name": "coverUrl",
						"type": "keyword"
					}, {
						"name": "classifyId",
						"type": "long"
					}, {
						"name": "type",
						"type": "integer"
					}, {
						"name": "pubilsherUid",
						"type": "long"
					}, {
						"name": "receptionStatus",
						"type": "integer"
					}, {
						"name": "delFlag",
						"type": "integer"
					}, {
						"name": "createTime",
						"type": "date"
					}, {
						"name": "updateTime",
						"type": "date"
					}, {
						"name": "updateBy",
						"type": "keyword"
					}, {
						"name": "createBy",
						"type": "keyword"
					}, {
						"name": "cId",
						"type": "long"
					}, {
						"name": "knowledgeId",
						"type": "long"
					}, {
						"name": "roleIds",
						"type": "text"
					}, {
						"name": "content",
						"type": "text"
					}, {
						"name": "viewNumber",
						"type": "integer"
					}],
					"print": true
				}
			}
		}]
	}
}