<?xml version="1.0" encoding="UTF-8" ?>
<!DOCTYPE mapper PUBLIC "-//mybatis.org//DTD Mapper 3.0//EN" "http://mybatis.org/dtd/mybatis-3-mapper.dtd" >
<mapper namespace="org.fh.mapper.dsno1.system.SysrRoleUserMapper" >
  <resultMap id="BaseResultMap" type="org.fh.entity.system.SysrRoleUser" >
    <id column="role_id" property="roleId" jdbcType="CHAR" />
    <id column="user_id" property="userId" jdbcType="CHAR" />
  </resultMap>
  <delete id="deleteByPrimaryKey" parameterType="org.fh.entity.system.SysrRoleUser" >
    delete from sys_role_user
    where role_id = #{roleId,jdbcType=CHAR}
      and user_id = #{userId,jdbcType=CHAR}
  </delete>
  <insert id="insert" parameterType="map" >
    insert into sys_role_user (role_id, user_id)
    values (#{roleId,jdbcType=CHAR}, #{userId,jdbcType=CHAR})
  </insert>
  <insert id="insertList" parameterType="map">

  </insert>
  <select id="findUserIdListByRoleId" parameterType="string" resultType="string">
    select user_id from sys_role_user where role_id=#{roleId}
  </select>
  <insert id="insertSelective" parameterType="org.fh.entity.system.SysrRoleUser" >
    insert into sys_role_user
    <trim prefix="(" suffix=")" suffixOverrides="," >
      <if test="roleId != null" >
        role_id,
      </if>
      <if test="userId != null" >
        user_id,
      </if>
    </trim>
    <trim prefix="values (" suffix=")" suffixOverrides="," >
      <if test="roleId != null" >
        #{roleId,jdbcType=CHAR},
      </if>
      <if test="userId != null" >
        #{userId,jdbcType=CHAR},
      </if>
    </trim>
  </insert>
</mapper>