<?xml version="1.0" encoding="UTF-8" ?>
<!DOCTYPE mapper PUBLIC "-//mybatis.org//DTD Mapper 3.0//EN" "http://mybatis.org/dtd/mybatis-3-mapper.dtd" >
<mapper namespace="org.fh.mapper.dsno1.system.RoleMapper" >
  <resultMap id="BaseResultMap" type="org.fh.entity.system.Sysrole" >
    <id column="role_id" property="roleId" jdbcType="CHAR" />
    <result column="role_name" property="roleName" jdbcType="VARCHAR" />
    <result column="rights" property="rights" jdbcType="VARCHAR" />
    <result column="parent_id" property="parentId" jdbcType="CHAR" />
    <result column="add_qx" property="addQx" jdbcType="VARCHAR" />
    <result column="del_qx" property="delQx" jdbcType="VARCHAR" />
    <result column="edit_qx" property="editQx" jdbcType="VARCHAR" />
    <result column="cha_qx" property="chaQx" jdbcType="VARCHAR" />
    <result column="rnumber" property="rnumber" jdbcType="VARCHAR" />
    <result column="status" property="status" jdbcType="INTEGER" />
    <result column="is_delete" property="delFlag" jdbcType="INTEGER" />
    <result column="remark" property="remark" jdbcType="VARCHAR" />
    <result column="create_time" property="createTime" jdbcType="TIMESTAMP" />
    <result column="update_time" property="updateTime" jdbcType="TIMESTAMP" />
    <result column="create_by" property="createBy" jdbcType="VARCHAR" />
    <result column="update_by" property="updateBy" jdbcType="VARCHAR" />
    <result column="company_id" property="companyId" jdbcType="VARCHAR" />
    <result column="flow_key" property="flowKey" jdbcType="VARCHAR" />
    <result column="flow_name" property="flowName" jdbcType="VARCHAR" />

  </resultMap>
  <sql id="Base_Column_List" >
    role_id, role_name, rights, parent_id, add_qx, del_qx, edit_qx, cha_qx, rnumber, 
    status, is_delete, remark, create_time, update_time, create_by, update_by,company_id,flow_key,flow_name
  </sql>
  <select id="findById" resultMap="BaseResultMap" parameterType="map" >
    select
    <include refid="Base_Column_List" />
    from sys_role
    where role_id = #{roleId,jdbcType=CHAR} and is_delete=0 and company_id=#{companyId}
  </select>
  <!-- 通过编码查找 -->
  <select id="getRoleByRnumber" parameterType="map" resultMap="BaseResultMap">
    select
    <include refid="Base_Column_List"></include>
    from
    sys_role
    where rnumber = #{rnumber} and is_delete=0 and company_id=#{companyId}
  </select>
  <select id="countByRoleIdAndCompanyId" resultType="int" parameterType="map">
    select COUNT(role_id)
    FROM sys_role
    where role_id=#{roleId} and company_id=#{companyId} and is_delete=0
  </select>
  <select id="listAllRolesByPId" resultMap="BaseResultMap" parameterType="map" >
    select
    <include refid="Base_Column_List" />
    from sys_role
    where parent_id = #{parentId,jdbcType=CHAR} and is_delete=0 and company_id=#{companyId}
    order by create_time desc
  </select>
  <update id="deleteByPrimaryKey" parameterType="java.lang.String" >
    UPDATE  sys_role
    set is_delete=1
    where role_id = #{roleId,jdbcType=CHAR} and company_id=#{companyId}
  </update>
  <insert id="insert" parameterType="org.fh.entity.system.Sysrole" >
    insert into sys_role (role_id, role_name, rights, 
      parent_id, add_qx, del_qx, 
      edit_qx, cha_qx, rnumber, 
      status, is_delete, remark, 
      create_time, update_time, create_by, 
      update_by,company_id,flow_key,flow_name)
    values (#{roleId,jdbcType=CHAR}, #{roleName,jdbcType=VARCHAR}, #{rights,jdbcType=VARCHAR}, 
      #{parentId,jdbcType=CHAR}, #{addQx,jdbcType=VARCHAR}, #{delQx,jdbcType=VARCHAR}, 
      #{editQx,jdbcType=VARCHAR}, #{chaQx,jdbcType=VARCHAR}, #{rnumber,jdbcType=VARCHAR}, 
      #{status,jdbcType=INTEGER}, 0, #{remark,jdbcType=VARCHAR},
      now(), now(), #{createBy,jdbcType=VARCHAR},
      #{updateBy,jdbcType=VARCHAR}, #{companyId,jdbcType=VARCHAR},#{flowKey,jdbcType=VARCHAR},
      #{flowName,jdbcType=VARCHAR})
  </insert>
  <insert id="insertSelective" parameterType="org.fh.entity.system.Sysrole" >
    insert into sys_role
    <trim prefix="(" suffix=")" suffixOverrides="," >
      <if test="roleId != null" >
        role_id,
      </if>
      <if test="roleName != null" >
        role_name,
      </if>
      <if test="rights != null" >
        rights,
      </if>
      <if test="parentId != null" >
        parent_id,
      </if>
      <if test="rnumber != null" >
        rnumber,
      </if>
      <if test="status != null" >
        status,
      </if>
        is_delete,
      <if test="remark != null" >
        remark,
      </if>
        create_time,
        update_time,
      <if test="createBy != null" >
        create_by,
      </if>
      <if test="updateBy != null" >
        update_by,
      </if>
      <if test="companyId != null" >
        company_id,
      </if>
      <if test="flowKey != null" >
        flow_key,
      </if>
      <if test="flowName != null" >
        flow_name,
      </if>
    </trim>
    <trim prefix="values (" suffix=")" suffixOverrides="," >
      <if test="roleId != null" >
        #{roleId,jdbcType=CHAR},
      </if>
      <if test="roleName != null" >
        #{roleName,jdbcType=VARCHAR},
      </if>
      <if test="rights != null" >
        #{rights,jdbcType=VARCHAR},
      </if>
      <if test="parentId != null" >
        #{parentId,jdbcType=CHAR},
      </if>
      <if test="rnumber != null" >
        #{rnumber,jdbcType=VARCHAR},
      </if>
      <if test="status != null" >
        #{status,jdbcType=INTEGER},
      </if>
      0,
      <if test="remark != null" >
        #{remark,jdbcType=VARCHAR},
      </if>
      now(),
      now(),
      <if test="createBy != null" >
        #{createBy,jdbcType=VARCHAR},
      </if>
      <if test="updateBy != null" >
        #{updateBy,jdbcType=VARCHAR},
      </if>
      <if test="companyId != null" >
        #{companyId,jdbcType=VARCHAR},
      </if>
      <if test="flowKey != null" >
        #{flowKey,jdbcType=VARCHAR},
      </if>
      <if test="flowName != null" >
        #{flowName,jdbcType=VARCHAR},
      </if>
    </trim>
  </insert>
  <delete id="deleteCollectionbyRoleId" parameterType="string">
    delete from sys_role_user where role_id=#{roleId}
  </delete>
  <insert id="collectionbyRoleId" parameterType="list" >
    insert into sys_role_user
    (role_id,user_id)
    VALUES
    <foreach collection="list" item="userId" index= "index" separator =",">
      (
      #{roleId},
      #{userId}
      )
    </foreach>
  </insert>
  <update id="updateByPrimaryKeySelective" parameterType="org.fh.entity.system.Sysrole" >
    update sys_role
    <set >
      <if test="roleName != null" >
        role_name = #{roleName,jdbcType=VARCHAR},
      </if>
      <if test="rights != null" >
        rights = #{rights,jdbcType=VARCHAR},
      </if>
      <!--<if test="parentId != null" >-->
        <!--parent_id = #{parentId,jdbcType=CHAR},-->
      <!--</if>-->
      <!--<if test="addQx != null" >-->
        <!--add_qx = #{addQx,jdbcType=VARCHAR},-->
      <!--</if>-->
      <!--<if test="delQx != null" >-->
        <!--del_qx = #{delQx,jdbcType=VARCHAR},-->
      <!--</if>-->
      <!--<if test="editQx != null" >-->
        <!--edit_qx = #{editQx,jdbcType=VARCHAR},-->
      <!--</if>-->
      <!--<if test="chaQx != null" >-->
        <!--cha_qx = #{chaQx,jdbcType=VARCHAR},-->
      <!--</if>-->
      <if test="status != null" >
        status = #{status,jdbcType=INTEGER},
      </if>
      <if test="remark != null" >
        remark = #{remark,jdbcType=VARCHAR},
      </if>
      <if test="flowKey != null" >
        flow_key = #{flowKey,jdbcType=VARCHAR},
      </if>
      <if test="flowName != null" >
        flow_name = #{flowName,jdbcType=VARCHAR},
      </if>
        update_time = now(),
        update_by = #{updateBy,jdbcType=VARCHAR}
    </set>
    where role_id = #{roleId,jdbcType=CHAR} and company_id=#{companyId}
  </update>
  <update id="updateByPrimaryKey" parameterType="org.fh.entity.system.Sysrole" >
    update sys_role
    set role_name = #{roleName,jdbcType=VARCHAR},
      rights = #{rights,jdbcType=VARCHAR},
      parent_id = #{parentId,jdbcType=CHAR},
      add_qx = #{addQx,jdbcType=VARCHAR},
      del_qx = #{delQx,jdbcType=VARCHAR},
      edit_qx = #{editQx,jdbcType=VARCHAR},
      cha_qx = #{chaQx,jdbcType=VARCHAR},
      rnumber = #{rnumber,jdbcType=VARCHAR},
      status = #{status,jdbcType=INTEGER},
      is_delete = #{delFlag,jdbcType=INTEGER},
      remark = #{remark,jdbcType=VARCHAR},
      create_time = #{createTime,jdbcType=TIMESTAMP},
      update_time = #{updateTime,jdbcType=TIMESTAMP},
      create_by = #{createBy,jdbcType=VARCHAR},
      update_by = #{updateBy,jdbcType=VARCHAR}
    where role_id = #{roleId,jdbcType=CHAR}
  </update>

  <select id="getRoleByUserId" resultType="pd" parameterType="string">
    select
      role_id
    FROM
      sys_role_user
    where
      user_id=#{userId}
  </select>
  <select id="getRoleListByUserList" resultType="pd" parameterType="java.util.List">
    select
      role_id
    FROM
      sys_role_user
    where
      user_id IN
    <foreach collection="list" item="userId" open="(" separator="," close=")">
      #{userId}
    </foreach>
  </select>

  <select id="getRoleListByRoleIds" resultMap="BaseResultMap" parameterType="java.util.List">
    select
      <include refid="Base_Column_List" />
    FROM
      sys_role
    where
      role_id IN
    <foreach collection="list" item="roleId" open="(" separator="," close=")">
      #{roleId}
    </foreach>
  </select>

  <select id="roleWindowlistPage" resultType="pd" parameterType="page">
    select
      sr.role_id "RNUMBER",
      sr.role_name "ROLE_NAME"
    from
      sys_role sr,
      sys_role sr2,
      act_re_model arm
    where
      sr.parent_id = sr2.role_id
    and
      sr2.flow_key = arm.KEY_
    and
      arm.id_ = #{pd.modelId}
    and
      arm.tenant_id_ = #{pd.companyId}
    <if test="pd.keywords!=null and pd.keywords!= ''">
    and
      sr.role_name like concat('%',#{pd.keywords,jdbcType=VARCHAR},'%')
    </if>
    and
      sr.status=1
    and
      sr.is_delete=0
  </select>
  <!--判断角色组下是否重名-->
  <select id="isRename" resultType="java.lang.Integer">
    SELECT COUNT(*) FROM sys_role WHERE is_delete = 0  AND role_name = #{name}
    and company_id=#{companyId} and parent_id=#{parentId}
    <if test="flag == true">
      AND
      role_id !=#{id}
    </if>
  </select>

  <update id="updateProcName" parameterType="java.util.Map">
    update
          sys_role
    set
          flow_name = #{name}
    where
          flow_key  = (select key_ from act_re_model where id_= #{modelId})
  </update>

  <select id="queryInvalidRole" parameterType="java.util.HashSet" resultType="java.lang.String">
      select
		role_id
      from
          sys_role
      where
          role_id in
      <foreach collection="collection" item="roleId" open="(" separator="," close=")">
          #{roleId}
      </foreach>
      and
          is_delete = '1'
  </select>
</mapper>