<?xml version="1.0" encoding="UTF-8" ?>
<!DOCTYPE mapper PUBLIC "-//mybatis.org//DTD Mapper 3.0//EN" "http://mybatis.org/dtd/mybatis-3-mapper.dtd" >
<mapper namespace="org.fh.mapper.dsno1.system.SysUserMapper" >
  <resultMap id="BaseResultMap" type="org.fh.entity.system.SysUser" >
    <id column="user_id" property="userId" jdbcType="CHAR" />
    <result column="account_name" property="accountName" jdbcType="VARCHAR" />
    <result column="company_pk" property="companyPk" jdbcType="CHAR" />
    <result column="account_loginName" property="accountLoginname" jdbcType="VARCHAR" />
    <result column="dataPriLevel" property="dataprilevel" jdbcType="CHAR" />
    <result column="create_time" property="createTime" jdbcType="TIMESTAMP" />
    <result column="email" property="email" jdbcType="VARCHAR" />
    <result column="insert_time" property="insertTime" jdbcType="TIMESTAMP" />
    <result column="telephone" property="telephone" jdbcType="VARCHAR" />
    <result column="parent_id" property="parentId" jdbcType="CHAR" />
    <result column="position" property="position" jdbcType="VARCHAR" />
    <result column="pubOrganization_id" property="puborganizationId" jdbcType="CHAR" />
    <result column="pubRole_id" property="pubroleId" jdbcType="CHAR" />
  </resultMap>
  <sql id="Base_Column_List" >
    user_id, account_name, company_pk, account_loginName, dataPriLevel, create_time, 
    email, insert_time, telephone, parent_id, position, pubOrganization_id, pubRole_id
  </sql>
  <select id="selectByPrimaryKey" resultMap="BaseResultMap" parameterType="java.lang.String" >
    select 
    <include refid="Base_Column_List" />
    from sys_user
    where user_id = #{userId,jdbcType=CHAR}
  </select>
  <delete id="deleteByPrimaryKey" parameterType="java.lang.String" >
    delete from sys_user
    where user_id = #{userId,jdbcType=CHAR}
  </delete>
  <insert id="insert" parameterType="org.fh.entity.system.SysUser" >
    insert into sys_user (user_id, account_name, company_pk, 
      account_loginName, dataPriLevel, create_time, 
      email, insert_time, telephone, 
      parent_id, position, pubOrganization_id, 
      pubRole_id)
    values (#{userId,jdbcType=CHAR}, #{accountName,jdbcType=VARCHAR}, #{companyPk,jdbcType=CHAR}, 
      #{accountLoginname,jdbcType=VARCHAR}, #{dataprilevel,jdbcType=CHAR}, #{createTime,jdbcType=TIMESTAMP}, 
      #{email,jdbcType=VARCHAR}, #{insertTime,jdbcType=TIMESTAMP}, #{telephone,jdbcType=VARCHAR}, 
      #{parentId,jdbcType=CHAR}, #{position,jdbcType=VARCHAR}, #{puborganizationId,jdbcType=CHAR}, 
      #{pubroleId,jdbcType=CHAR})
  </insert>
  <insert id="insertSelective" parameterType="org.fh.entity.system.SysUser" >
    insert into sys_user
    <trim prefix="(" suffix=")" suffixOverrides="," >
      <if test="userId != null" >
        user_id,
      </if>
      <if test="accountName != null" >
        account_name,
      </if>
      <if test="companyPk != null" >
        company_pk,
      </if>
      <if test="accountLoginname != null" >
        account_loginName,
      </if>
      <if test="dataprilevel != null" >
        dataPriLevel,
      </if>
      <if test="createTime != null" >
        create_time,
      </if>
      <if test="email != null" >
        email,
      </if>
      <if test="insertTime != null" >
        insert_time,
      </if>
      <if test="telephone != null" >
        telephone,
      </if>
      <if test="parentId != null" >
        parent_id,
      </if>
      <if test="position != null" >
        position,
      </if>
      <if test="puborganizationId != null" >
        pubOrganization_id,
      </if>
      <if test="pubroleId != null" >
        pubRole_id,
      </if>
    </trim>
    <trim prefix="values (" suffix=")" suffixOverrides="," >
      <if test="userId != null" >
        #{userId,jdbcType=CHAR},
      </if>
      <if test="accountName != null" >
        #{accountName,jdbcType=VARCHAR},
      </if>
      <if test="companyPk != null" >
        #{companyPk,jdbcType=CHAR},
      </if>
      <if test="accountLoginname != null" >
        #{accountLoginname,jdbcType=VARCHAR},
      </if>
      <if test="dataprilevel != null" >
        #{dataprilevel,jdbcType=CHAR},
      </if>
      <if test="createTime != null" >
        #{createTime,jdbcType=TIMESTAMP},
      </if>
      <if test="email != null" >
        #{email,jdbcType=VARCHAR},
      </if>
      <if test="insertTime != null" >
        #{insertTime,jdbcType=TIMESTAMP},
      </if>
      <if test="telephone != null" >
        #{telephone,jdbcType=VARCHAR},
      </if>
      <if test="parentId != null" >
        #{parentId,jdbcType=CHAR},
      </if>
      <if test="position != null" >
        #{position,jdbcType=VARCHAR},
      </if>
      <if test="puborganizationId != null" >
        #{puborganizationId,jdbcType=CHAR},
      </if>
      <if test="pubroleId != null" >
        #{pubroleId,jdbcType=CHAR},
      </if>
    </trim>
  </insert>
  <update id="updateByPrimaryKeySelective" parameterType="org.fh.entity.system.SysUser" >
    update sys_user
    <set >
      <if test="accountName != null" >
        account_name = #{accountName,jdbcType=VARCHAR},
      </if>
      <if test="companyPk != null" >
        company_pk = #{companyPk,jdbcType=CHAR},
      </if>
      <if test="accountLoginname != null" >
        account_loginName = #{accountLoginname,jdbcType=VARCHAR},
      </if>
      <if test="dataprilevel != null" >
        dataPriLevel = #{dataprilevel,jdbcType=CHAR},
      </if>
      <if test="createTime != null" >
        create_time = #{createTime,jdbcType=TIMESTAMP},
      </if>
      <if test="email != null" >
        email = #{email,jdbcType=VARCHAR},
      </if>
      <if test="insertTime != null" >
        insert_time = #{insertTime,jdbcType=TIMESTAMP},
      </if>
      <if test="telephone != null" >
        telephone = #{telephone,jdbcType=VARCHAR},
      </if>
      <if test="parentId != null" >
        parent_id = #{parentId,jdbcType=CHAR},
      </if>
      <if test="position != null" >
        position = #{position,jdbcType=VARCHAR},
      </if>
      <if test="puborganizationId != null" >
        pubOrganization_id = #{puborganizationId,jdbcType=CHAR},
      </if>
      <if test="pubroleId != null" >
        pubRole_id = #{pubroleId,jdbcType=CHAR},
      </if>
    </set>
    where user_id = #{userId,jdbcType=CHAR}
  </update>
  <update id="updateByPrimaryKey" parameterType="org.fh.entity.system.SysUser" >
    update sys_user
    set account_name = #{accountName,jdbcType=VARCHAR},
      company_pk = #{companyPk,jdbcType=CHAR},
      account_loginName = #{accountLoginname,jdbcType=VARCHAR},
      dataPriLevel = #{dataprilevel,jdbcType=CHAR},
      create_time = #{createTime,jdbcType=TIMESTAMP},
      email = #{email,jdbcType=VARCHAR},
      insert_time = #{insertTime,jdbcType=TIMESTAMP},
      telephone = #{telephone,jdbcType=VARCHAR},
      parent_id = #{parentId,jdbcType=CHAR},
      position = #{position,jdbcType=VARCHAR},
      pubOrganization_id = #{puborganizationId,jdbcType=CHAR},
      pubRole_id = #{pubroleId,jdbcType=CHAR}
    where user_id = #{userId,jdbcType=CHAR}
  </update>
</mapper>