<?xml version="1.0" encoding="UTF-8" ?>
<!DOCTYPE mapper PUBLIC "-//mybatis.org//DTD Mapper 3.0//EN" "http://mybatis.org/dtd/mybatis-3-mapper.dtd" >
<mapper namespace="org.fh.mapper.dsno1.system.UmpProductMapper" >
  <resultMap id="BaseResultMap" type="org.fh.entity.system.UmpProduct" >
    <id column="pk" property="pk" jdbcType="CHAR" />
    <result column="product_pk" property="productPk" jdbcType="VARCHAR" />
    <result column="product_name" property="productName" jdbcType="VARCHAR" />
    <result column="insert_time" property="insertTime" jdbcType="TIMESTAMP" />
  </resultMap>
  <sql id="Base_Column_List" >
    pk, product_pk, product_name, insert_time
  </sql>
  <select id="listUmpProduct" parameterType="java.lang.String" resultMap="BaseResultMap">
    select
    <include refid="Base_Column_List"></include>
    from
    sys_ump_product
  </select>
  <insert id="insert" parameterType="org.fh.entity.system.UmpProduct" >
    insert into sys_ump_product (pk, product_pk, product_name,insert_time)
    values (#{pk,jdbcType=CHAR}, #{productPk,jdbcType=VARCHAR}, #{productName,jdbcType=VARCHAR}, now()),
  </insert>
</mapper>