<?xml version="1.0" encoding="UTF-8" ?>
<!DOCTYPE mapper PUBLIC "-//mybatis.org//DTD Mapper 3.0//EN" "http://mybatis.org/dtd/mybatis-3-mapper.dtd" >
<mapper namespace="org.fh.mapper.dsno1.system.UmpUserMapper" >
  <resultMap id="BaseResultMap" type="org.fh.entity.system.UmpUser" >
    <id column="pk" property="pk" jdbcType="CHAR" />
    <result column="account_loginname" property="accountLoginName" jdbcType="VARCHAR" />
    <result column="account_name" property="accountName" jdbcType="VARCHAR" />
    <result column="company_pk" property="companyPk" jdbcType="CHAR" />
    <result column="data_prilevel" property="dataPriLevel" jdbcType="VARCHAR" />
    <result column="email" property="email" jdbcType="VARCHAR" />
    <result column="is_active" property="isActive" jdbcType="VARCHAR" />
    <result column="is_delete" property="isDelete" jdbcType="INTEGER" />
    <result column="is_locked" property="isLocked" jdbcType="INTEGER" />
    <result column="is_visable" property="isVisable" jdbcType="VARCHAR" />
    <result column="parent_id" property="parentId" jdbcType="CHAR" />
    <result column="position" property="position" jdbcType="VARCHAR" />
    <result column="puborganization_id" property="pubOrganizationId" jdbcType="VARCHAR" />
    <result column="pubrole_id" property="pubRoleId" jdbcType="VARCHAR" />
    <result column="telephone" property="telephone" jdbcType="VARCHAR" />
    <result column="type" property="type" jdbcType="VARCHAR" />
    <result column="version" property="version" jdbcType="INTEGER" />
    <result column="create_time" property="createTime" jdbcType="TIMESTAMP" />
    <result column="update_time" property="updateTime" jdbcType="TIMESTAMP" />
  </resultMap>
  <sql id="Base_Column_List" >
    pk, account_loginname, account_name, company_pk, data_prilevel, email, is_active, 
    is_delete, is_locked, is_visable, parent_id, position, puborganization_id, pubrole_id, 
    telephone, type, version
  </sql>
  <select id="selectByPrimaryKey" resultMap="BaseResultMap" parameterType="java.lang.String" >
    select 
    <include refid="Base_Column_List" />
    from ump_user
    where pk = #{pk,jdbcType=CHAR} and is_delete=0 and company_pk=#{companyId}
  </select>
  <select id="selectByPrimaryKeyOnly" resultMap="BaseResultMap" parameterType="java.lang.String" >
    select
    <include refid="Base_Column_List" />
    from ump_user
    where pk = #{pk,jdbcType=CHAR} and is_delete=0
  </select>
  <select id="findByaccountName" resultMap="BaseResultMap" parameterType="map" >
    select
    <include refid="Base_Column_List" />
    from ump_user
    where account_name = #{accountName,jdbcType=CHAR} and is_delete=0 and company_pk=#{companyId}
    order by create_time desc
  </select>
  <select id="listAllUser" resultMap="BaseResultMap" parameterType="map" >
    select
    <include refid="Base_Column_List" />
    from ump_user
    where is_delete=0 and company_pk=#{companyId}
    <if test="keyword != null">
      and (
      account_name like CONCAT("%",#{keyword},"%")
      or  telephone like CONCAT("%",#{keyword},"%")
      or email like CONCAT("%",#{keyword},"%")
      )
    </if>
    <if test="pubOrganizationId != null">
      and puborganization_id =#{pubOrganizationId}
    </if>
    <if test="pubRoleId != null">
      and pubrole_id =#{pubRoleId}
    </if>
    order by create_time desc
  </select>
  <select id="listAllUserByRoldId" resultMap="BaseResultMap" parameterType="java.lang.String" >
    select
    <include refid="Base_Column_List" />
    from ump_user
    where is_delete=0 and pk in (select user_id from sys_role_user where role_id=#{roleId})
  </select>
  <select id="listUserListByRoldIdList" resultMap="BaseResultMap" parameterType="list">
    select
    <include refid="Base_Column_List" />
    from ump_user
    where is_delete=0 and pk in (
    select user_id from sys_role_user
    where role_id in
    <foreach collection="list" item="roleId" index="index" open="(" close=")" separator=",">
      #{roleId}
    </foreach>
    )
  </select>
  <update id="deleteByPrimaryKey" parameterType="java.lang.String" >
    UPDATE  ump_user set is_delete=1
    where pk = #{pk} and company_pk=#{companyId}
  </update>
  <insert id="insert" parameterType="org.fh.entity.system.UmpUser" >
    insert into ump_user (pk, account_loginname, account_name, 
      company_pk, data_prilevel, email, 
      is_active, is_delete, is_locked, 
      is_visable, parent_id, position, 
      puborganization_id, pubrole_id, telephone, 
      type, version,create_time,update_time)
    values (#{pk,jdbcType=CHAR}, #{accountLoginName,jdbcType=VARCHAR}, #{accountName,jdbcType=VARCHAR}, 
      #{companyPk,jdbcType=CHAR}, #{dataPriLevel,jdbcType=VARCHAR}, #{email,jdbcType=VARCHAR},
      #{isActive,jdbcType=VARCHAR}, #{isDelete,jdbcType=INTEGER}, #{isLocked,jdbcType=INTEGER}, 
      #{isVisable,jdbcType=VARCHAR}, #{parentId,jdbcType=CHAR}, #{position,jdbcType=VARCHAR}, 
      #{pubOrganizationId,jdbcType=VARCHAR}, #{pubRoleId,jdbcType=VARCHAR}, #{telephone,jdbcType=VARCHAR}, 
      #{type,jdbcType=VARCHAR}, #{version,jdbcType=INTEGER},now(),now())
  </insert>
  <insert id="insertSelective" parameterType="org.fh.entity.system.UmpUser" >
    insert into ump_user
    <trim prefix="(" suffix=")" suffixOverrides="," >
      <if test="pk != null" >
        pk,
      </if>
      <if test="accountLoginName != null" >
        account_loginname,
      </if>
      <if test="accountName != null" >
        account_name,
      </if>
      <if test="companyPk != null" >
        company_pk,
      </if>
      <if test="dataPriLevel != null" >
        data_prilevel,
      </if>
      <if test="email != null" >
        email,
      </if>
      <if test="isActive != null" >
        is_active,
      </if>
      <if test="isDelete != null" >
        is_delete,
      </if>
      <if test="isLocked != null" >
        is_locked,
      </if>
      <if test="isVisable != null" >
        is_visable,
      </if>
      <if test="parentId != null" >
        parent_id,
      </if>
      <if test="position != null" >
        position,
      </if>
      <if test="pubOrganizationId != null" >
        puborganization_id,
      </if>
      <if test="pubRoleId != null" >
        pubrole_id,
      </if>
      <if test="telephone != null" >
        telephone,
      </if>
      <if test="type != null" >
        type,
      </if>
      <if test="version != null" >
        version,
      </if>
      create_time,update_time
    </trim>
    <trim prefix="values (" suffix=")" suffixOverrides="," >
      <if test="pk != null" >
        #{pk,jdbcType=CHAR},
      </if>
      <if test="accountLoginName != null" >
        #{accountLoginName,jdbcType=VARCHAR},
      </if>
      <if test="accountName != null" >
        #{accountName,jdbcType=VARCHAR},
      </if>
      <if test="companyPk != null" >
        #{companyPk,jdbcType=CHAR},
      </if>
      <if test="dataPriLevel != null" >
        #{dataPriLevel,jdbcType=VARCHAR},
      </if>
      <if test="email != null" >
        #{email,jdbcType=VARCHAR},
      </if>
      <if test="isActive != null" >
        #{isActive,jdbcType=VARCHAR},
      </if>
      <if test="isDelete != null" >
        #{isDelete,jdbcType=INTEGER},
      </if>
      <if test="isLocked != null" >
        #{isLocked,jdbcType=INTEGER},
      </if>
      <if test="isVisable != null" >
        #{isVisable,jdbcType=VARCHAR},
      </if>
      <if test="parentId != null" >
        #{parentId,jdbcType=CHAR},
      </if>
      <if test="position != null" >
        #{position,jdbcType=VARCHAR},
      </if>
      <if test="pubOrganizationId != null" >
        #{pubOrganizationId,jdbcType=VARCHAR},
      </if>
      <if test="pubRoleId != null" >
        #{pubRoleId,jdbcType=VARCHAR},
      </if>
      <if test="telephone != null" >
        #{telephone,jdbcType=VARCHAR},
      </if>
      <if test="type != null" >
        #{type,jdbcType=VARCHAR},
      </if>
      <if test="version != null" >
        #{version,jdbcType=INTEGER},
      </if>
      now(),now()
    </trim>
  </insert>
  <update id="updateByPrimaryKeySelective" parameterType="org.fh.entity.system.UmpUser" >
    update ump_user
    <set >
      <if test="accountName != null" >
        account_name = #{accountName,jdbcType=VARCHAR},
      </if>
      <if test="dataPriLevel != null" >
        data_prilevel = #{dataPriLevel,jdbcType=VARCHAR},
      </if>
      <if test="email != null" >
        email = #{email,jdbcType=VARCHAR},
      </if>
      <if test="isActive != null" >
        is_active = #{isActive,jdbcType=VARCHAR},
      </if>
      <if test="isDelete != null" >
        is_delete = #{isDelete,jdbcType=INTEGER},
      </if>
      <if test="isLocked != null" >
        is_locked = #{isLocked,jdbcType=INTEGER},
      </if>
      <if test="isVisable != null" >
        is_visable = #{isVisable,jdbcType=VARCHAR},
      </if>
      <if test="parentId != null" >
        parent_id = #{parentId,jdbcType=CHAR},
      </if>
      <if test="position != null" >
        position = #{position,jdbcType=VARCHAR},
      </if>
      <if test="pubOrganizationId != null" >
        puborganization_id = #{pubOrganizationId,jdbcType=VARCHAR},
      </if>
      <if test="pubRoleId != null" >
        pubrole_id = #{pubRoleId,jdbcType=VARCHAR},
      </if>
      <if test="telephone != null" >
        telephone = #{telephone,jdbcType=VARCHAR},
      </if>
      <if test="type != null" >
        type = #{type,jdbcType=VARCHAR},
      </if>
      <if test="version != null" >
        version = #{version,jdbcType=INTEGER},
      </if>
        update_time = now()
    </set>
    where pk = #{pk,jdbcType=CHAR} and company_pk=#{companyPk}
  </update>
  <update id="updateByPrimaryKey" parameterType="org.fh.entity.system.UmpUser" >
    update ump_user
    set account_loginname = #{accountLoginName,jdbcType=VARCHAR},
      account_name = #{accountName,jdbcType=VARCHAR},
      company_pk = #{companyPk,jdbcType=CHAR},
      data_prilevel = #{dataPriLevel,jdbcType=VARCHAR},
      email = #{email,jdbcType=VARCHAR},
      is_active = #{isActive,jdbcType=VARCHAR},
      is_delete = #{isDelete,jdbcType=INTEGER},
      is_locked = #{isLocked,jdbcType=INTEGER},
      is_visable = #{isVisable,jdbcType=VARCHAR},
      parent_id = #{parentId,jdbcType=CHAR},
      position = #{position,jdbcType=VARCHAR},
      puborganization_id = #{pubOrganizationId,jdbcType=VARCHAR},
      pubrole_id = #{pubRoleId,jdbcType=VARCHAR},
      telephone = #{telephone,jdbcType=VARCHAR},
      type = #{type,jdbcType=VARCHAR},
      version = #{version,jdbcType=INTEGER}
    where pk = #{pk,jdbcType=CHAR}
  </update>

  <select id="getSameDepUser" resultMap="BaseResultMap" parameterType="java.lang.String" >
    select
      <include refid="Base_Column_List" />
    from
      ump_user
    where
      is_delete=0
    and puborganization_id = (select puborganization_id from ump_user where pk=#{userId})
  </select>

  <select id="getUsersByDepCodes" resultMap="BaseResultMap" parameterType="java.util.List" >
    select
      <include refid="Base_Column_List" />
    from
      ump_user
    where
      is_delete=0
    and puborganization_id in
    <foreach collection="list" item="item" open="(" separator="," close=")">
      #{item}
    </foreach>

  </select>
  <select id="getUsersByUserIds" resultMap="BaseResultMap" parameterType="java.util.List" >
    select
      <include refid="Base_Column_List" />
    from
      ump_user
    where
      is_delete=0
    and pk in
    <foreach collection="list" item="userId" open="(" separator="," close=")">
      #{userId}
    </foreach>

  </select>


  <select id="getAppropriateUsers" resultType="pd" parameterType="java.util.Map" >
    select
      uu.pk assignee,
      uu.account_name "assigneeName"
    from
      sys_role_user sru,
      act_ru_task art,
      ump_user uu
    where
      sru.user_id = uu.pk
    and
      sru.role_id = art.tenant_id_
    and
      art.id_ = #{taskId}
    <if test="userIdList!=null and userIdList.size>0">
      and
        sru.user_id in
      <foreach collection="不通过userIdList" item="userId" open="(" separator="," close=")">
        #{userId}
      </foreach>
    </if>
  </select>

  <select id="transferUsers" resultType="pd" parameterType="java.util.Map" >
    select
      uu.pk assignee,
      uu.account_name "assigneeName"
    from
      sys_role_user sru,
      act_ru_task art,
      ump_user uu
    where
      sru.user_id = uu.pk
    and
      sru.role_id = art.tenant_id_
    and
      sru.user_id != art.assignee_
    and
      art.id_ = #{taskId}
  </select>
</mapper>