<?xml version="1.0" encoding="UTF-8" ?>
<configuration>
    <!--定义日志文件的存储地址 勿在 LogBack 的配置中使用相对路径-->
    <property name="LOG_HOME" value="/opt/ucc/logs/"/>
    <!-- 控制台输出 -->
    <appender name="Stdout" class="ch.qos.logback.core.ConsoleAppender">
        <!-- 日志输出编码 -->
        <encoder >
            <!--格式化输出：%d表示日期，%thread表示线程名，%-5level：级别从左显示5个字符宽度%msg：日志消息，%n是换行符-->
            <pattern>%d{yyyy-MM-dd HH:mm:ss.SSS} [%thread] %-5level %logger{50} - %msg%n
            </pattern>
            <charset>UTF-8</charset>
        </encoder>
    </appender>
    <!-- 按照每天生成日志文件 -->
    <appender name="RollingFile" class="ch.qos.logback.core.rolling.RollingFileAppender">
        <rollingPolicy class="ch.qos.logback.core.rolling.TimeBasedRollingPolicy">
            <!--日志文件输出的文件名-->
            <FileNamePattern>${LOG_HOME}/nid.%d{yyyy-MM-dd}.log</FileNamePattern>
            <MaxHistory>30</MaxHistory>
        </rollingPolicy>
        <layout class="ch.qos.logback.classic.PatternLayout">
            <!--格式化输出：%d表示日期，%thread表示线程名，%-5level：级别从左显示5个字符宽度%msg：日志消息，%n是换行符-->
            <pattern>%d{yyyy-MM-dd HH:mm:ss.SSS} [%thread] %-5level %logger{50} - %msg%n
            </pattern>
        </layout>
        <!--日志文件最大的大小-->
        <triggeringPolicy class="ch.qos.logback.core.rolling.SizeBasedTriggeringPolicy">
            <MaxFileSize>10MB</MaxFileSize>
        </triggeringPolicy>
    </appender>

    <appender name="OperaterFile" class="ch.qos.logback.core.rolling.RollingFileAppender">
        <rollingPolicy class="ch.qos.logback.core.rolling.SizeAndTimeBasedRollingPolicy">
            <!-- 之前的  rollingPolicy和triggeringPolicy冲突了  用一个新的标签  结合两者 -->

            <!--  日志文件输出的文件名 -->
            <FileNamePattern>${LOG_HOME}/operation_log_%d{yyyy-MM-dd}_%i.log</FileNamePattern>

            <!-- 日志文件保留天数 -->
            <MaxHistory>30</MaxHistory>

            <!-- 日志文件最大尺寸 -->
            <maxFileSize>20MB</maxFileSize>

        </rollingPolicy>

        <encoder class="ch.qos.logback.classic.encoder.PatternLayoutEncoder">
            <!--格式化输出：%d表示日期，%thread表示线程名，%-5level：级别从左显示5个字符宽度%msg：日志消息，%n是换行符-->
            <pattern>%d{yyyy-MM-dd HH:mm:ss.SSS} %-5level ${PID} --- [%thread]  %logger{50} - %msg%n</pattern>
        </encoder>

    </appender>

    <logger name="org.fh.common.LogAspect" level="info" additivity="false">
        <appender-ref ref="OperaterFile"/>
    </logger>
    <!-- 日志输出级别 -->
    <root level="info">
        <appender-ref ref="Stdout"/>
        <appender-ref ref="RollingFile"/>
    </root>

</configuration>