<?xml version="1.0" encoding="UTF-8" ?>
<!DOCTYPE mapper PUBLIC "-//mybatis.org//DTD Mapper 3.0//EN" "http://mybatis.org/dtd/mybatis-3-mapper.dtd" >
<mapper namespace="org.fh.mapper.dsno1.taskManager.AllTaskMapper" >
    <select id="queryAllUndistributedTask" parameterType="org.fh.entity.system.QueryParams" resultType="pd"  >
        <include refid="org.fh.mapper.dsno1.workorder.HsWorkOrderMapper.queryInfo" />
        <if test="formInfos != null and formInfos != '' ">
            INNER JOIN
            (
            select * from hs_work_form

            WHERE form_uuid = #{formInfos}
            ) t
            on t.work_id = hwo.id
        </if>
        where
            art.ASSIGNEE_ IS NULL
        AND
            hwo.company_id = #{companyId}
        and
            ahp.end_time_ is null
        <if test="strList!=null and strList.size>0">
            AND
                art.TENANT_ID_ IN
            (select distinct role_id from sys_role_user where user_id in
            <foreach collection="strList" item="userId" open="(" separator="," close=")">
                #{userId}
            </foreach>
            )
        </if>

        <if test="status != null and status != '' ">
            and hwo.status = #{status}
        </if>

        <if test="phone != null and phone != '' ">
            and hwo.phone like CONCAT('%',#{phone},'%')
        </if>
        <if test="customerName != null and customerName != '' ">
            and hwo.customer_name like CONCAT('%',#{customerName},'%')
        </if>
        <if test="customerNo != null and customerNo != '' ">
            and hwo.customer_no like CONCAT('%',#{customerNo},'%')
        </if>
        <if test="advisoryTypeTop != null and advisoryTypeTop != '' ">
            and hwo.advisory_type_top = #{advisoryTypeTop}
        </if>
        <if test="myBankCustomer != null and myBankCustomer != '' ">
            and hwo.my_bank_customer = #{myBankCustomer}
        </if>
        <if test="businessType != null and businessType != '' ">
            and hwo.business_type = #{businessType}
        </if>
        <if test="creatorName != null and creatorName != '' ">
            and hwo.creator_name like CONCAT('%',#{creatorName},'%')
        </if>
<!--        <if test="formInfos != null and formInfos != '' ">-->
<!--            and hwo.form_ids like CONCAT('%',#{formInfos},'%')-->
<!--        </if>-->
        <if test="title != null and title != '' ">
            and hwo.title like CONCAT('%',#{title},'%')
        </if>
        <if test="createStartTime != null and createStartTime != '' ">
            and hwo.create_time <![CDATA[>= ]]> to_timestamp(#{createStartTime},'yyyy-mm-dd hh24:mi:ss')
        </if>
        <if test="createEndTime != null and createEndTime != '' ">
            and hwo.create_time <![CDATA[<= ]]> to_timestamp(#{createEndTime},'yyyy-mm-dd hh24:mi:ss')
        </if>
        <if test="priority != null and priority != '' ">
            and hwo.priority = #{priority}
        </if>
        <if test="identityVerifyType != null and identityVerifyType != '' ">
            and hwo.identity_verify_type = #{identityVerifyType}
        </if>
        <if test="pass != null and pass != '' ">
            and hwo.pass = #{pass}
        </if>
        order by
        hwo.priority desc,
        ahp.start_time_ desc
    </select>


    <select id="queryAllPendingTask" parameterType="org.fh.entity.system.QueryParams" resultType="pd"  >
        <include refid="org.fh.mapper.dsno1.workorder.HsWorkOrderMapper.queryInfo" />
        <if test="formInfos != null and formInfos != '' ">
            INNER JOIN
            (
            select * from hs_work_form

            WHERE form_uuid = #{formInfos}
            ) t
            on t.work_id = hswo.id
        </if>
        where
            art.ASSIGNEE_ IS NOT NULL
        AND
            hwo.company_id = #{companyId}
        <if test="strList != null and strList.size>0 ">
        AND
            art.ASSIGNEE_ IN
            <foreach collection="strList" item="userId" open="(" separator="," close=")">
                #{userId}
            </foreach>
        </if>
        <if test="status != null and status != '' ">
            and hwo.status = #{status}
        </if>

        <if test="phone != null and phone != '' ">
            and hwo.phone like CONCAT('%',#{phone},'%')
        </if>
        <if test="customerName != null and customerName != '' ">
            and hwo.customer_name like CONCAT('%',#{customerName},'%')
        </if>
        <if test="customerNo != null and customerNo != '' ">
            and hwo.customer_no like CONCAT('%',#{customerNo},'%')
        </if>
        <if test="advisoryTypeTop != null and advisoryTypeTop != '' ">
            and hwo.advisory_type_top = #{advisoryTypeTop}
        </if>
        <if test="myBankCustomer != null and myBankCustomer != '' ">
            and hwo.my_bank_customer = #{myBankCustomer}
        </if>
        <if test="businessType != null and businessType != '' ">
            and hwo.business_type = #{businessType}
        </if>
        <if test="creatorName != null and creatorName != '' ">
            and hwo.creator_name like CONCAT('%',#{creatorName},'%')
        </if>
<!--        <if test="formInfos != null and formInfos != '' ">-->
<!--            and hwo.form_ids like CONCAT('%',#{formInfos},'%')-->
<!--        </if>-->
        <if test="title != null and title != '' ">
            and hwo.title like CONCAT('%',#{title},'%')
        </if>
        <if test="createStartTime != null and createStartTime != '' ">
            and hwo.create_time <![CDATA[>= ]]> to_timestamp(#{createStartTime},'yyyy-mm-dd hh24:mi:ss')
        </if>
        <if test="createEndTime != null and createEndTime != '' ">
            and hwo.create_time <![CDATA[<= ]]> to_timestamp(#{createEndTime},'yyyy-mm-dd hh24:mi:ss')
        </if>
        <if test="priority != null and priority != '' ">
            and hwo.priority = #{priority}
        </if>
        <if test="identityVerifyType != null and identityVerifyType != '' ">
            and hwo.identity_verify_type = #{identityVerifyType}
        </if>
        <if test="pass != null and pass != '' ">
            and hwo.pass = #{pass}
        </if>
        order by
        hwo.priority desc,
        ahp.start_time_ desc
    </select>


    <select id="queryAllHiTask" parameterType="org.fh.entity.system.QueryParams" resultType="pd"  >
        <include refid="org.fh.mapper.dsno1.workorder.HsWorkOrderMapper.queryInfo" />
        <if test="formInfos != null and formInfos != '' ">
            INNER JOIN
            (
            select * from hs_work_form

            WHERE form_uuid = #{formInfos}
            ) t
            on t.work_id = id
        </if>
        WHERE
          ahp.proc_inst_id_ = (
        SELECT DISTINCT proc_inst_id_
        FROM act_hi_taskinst ahtp
        WHERE
            ahtp.END_TIME_ IS NOT NULL
        <if test="strList != null and strList.size>0 ">
            AND
            ahtp.ASSIGNEE_ IN
            <foreach collection="strList" item="userId" open="(" separator="," close=")">
                #{userId}
            </foreach>
        </if>
        AND	ahtp.proc_inst_id_ = ahp.proc_inst_id_
        )
        AND
            hwo.company_id = #{companyId}
        <if test="status != null and status != '' ">
            and hwo.status = #{status}
        </if>

        <if test="phone != null and phone != '' ">
            and hwo.phone like CONCAT('%',#{phone},'%')
        </if>
        <if test="customerName != null and customerName != '' ">
            and hwo.customer_name like CONCAT('%',#{customerName},'%')
        </if>
        <if test="customerNo != null and customerNo != '' ">
            and hwo.customer_no like CONCAT('%',#{customerNo},'%')
        </if>
        <if test="advisoryTypeTop != null and advisoryTypeTop != '' ">
            and hwo.advisory_type_top = #{advisoryTypeTop}
        </if>
        <if test="myBankCustomer != null and myBankCustomer != '' ">
            and hwo.my_bank_customer = #{myBankCustomer}
        </if>
        <if test="businessType != null and businessType != '' ">
            and hwo.business_type = #{businessType}
        </if>
        <if test="creatorName != null and creatorName != '' ">
            and hwo.creator_name like CONCAT('%',#{creatorName},'%')
        </if>
<!--        <if test="formInfos != null and formInfos != '' ">-->
<!--            and hwo.form_ids like CONCAT('%',#{formInfos},'%')-->
<!--        </if>-->
        <if test="title != null and title != '' ">
            and hwo.title like CONCAT('%',#{title},'%')
        </if>
        <if test="createStartTime != null and createStartTime != '' ">
            and hwo.create_time <![CDATA[>= ]]> to_timestamp(#{createStartTime},'yyyy-mm-dd hh24:mi:ss')
        </if>
        <if test="createEndTime != null and createEndTime != '' ">
            and hwo.create_time <![CDATA[<= ]]> to_timestamp(#{createEndTime},'yyyy-mm-dd hh24:mi:ss')
        </if>
        <if test="priority != null and priority != '' ">
            and hwo.priority = #{priority}
        </if>
        <if test="identityVerifyType != null and identityVerifyType != '' ">
            and hwo.identity_verify_type = #{identityVerifyType}
        </if>
        <if test="pass != null and pass != '' ">
            and hwo.pass = #{pass}
        </if>
        order by
        hwo.priority desc,
        ahp.start_time_ desc
    </select>

    <select id="queryAllAnomalyTask" parameterType="org.fh.entity.system.QueryParams" resultType="pd"  >
        <include refid="org.fh.mapper.dsno1.workorder.HsWorkOrderMapper.queryInfo" />
        <if test="formInfos != null and formInfos != '' ">
            INNER JOIN
            (
            select * from hs_work_form

            WHERE form_uuid = #{formInfos}
            ) t
            on t.work_id = hwo.id
        </if>
        WHERE
          hwo.status in ('0','1')
        AND
          hwo.finish_time <![CDATA[ <= ]]>  to_char(now(),'yyyy-MM-dd hh24:mi:ss')
        AND
          hwo.company_id = #{companyId}


        <if test="phone != null and phone != '' ">
            and hwo.phone like CONCAT('%',#{phone},'%')
        </if>
        <if test="customerName != null and customerName != '' ">
            and hwo.customer_name like CONCAT('%',#{customerName},'%')
        </if>
        <if test="customerNo != null and customerNo != '' ">
            and hwo.customer_no like CONCAT('%',#{customerNo},'%')
        </if>
        <if test="advisoryTypeTop != null and advisoryTypeTop != '' ">
            and hwo.advisory_type_top = #{advisoryTypeTop}
        </if>
        <if test="myBankCustomer != null and myBankCustomer != '' ">
            and hwo.my_bank_customer = #{myBankCustomer}
        </if>
        <if test="businessType != null and businessType != '' ">
            and hwo.business_type = #{businessType}
        </if>
        <if test="creatorName != null and creatorName != '' ">
            and hwo.creator_name like CONCAT('%',#{creatorName},'%')
        </if>
<!--        <if test="formInfos != null and formInfos != '' ">-->
<!--            and hwo.form_ids like CONCAT('%',#{formInfos},'%')-->
<!--        </if>-->
        <if test="title != null and title != '' ">
            and hwo.title like CONCAT('%',#{title},'%')
        </if>
        <if test="createStartTime != null and createStartTime != '' ">
            and hwo.create_time <![CDATA[>= ]]> to_timestamp(#{createStartTime},'yyyy-mm-dd hh24:mi:ss')
        </if>
        <if test="createEndTime != null and createEndTime != '' ">
            and hwo.create_time <![CDATA[<= ]]> to_timestamp(#{createEndTime},'yyyy-mm-dd hh24:mi:ss')
        </if>
        <if test="finishStartTime != null and finishStartTime != '' ">
            and hwo.finish_time <![CDATA[>= ]]> #{finishStartTime}
        </if>
        <if test="finishEndTime != null and finishEndTime != '' ">
            and hwo.finish_time <![CDATA[<= ]]> #{finishEndTime}
        </if>
        <if test="priority != null and priority != '' ">
            and hwo.priority = #{priority}
        </if>
        <if test="identityVerifyType != null and identityVerifyType != '' ">
            and hwo.identity_verify_type = #{identityVerifyType}
        </if>
        <if test="pass != null and pass != '' ">
            and hwo.pass = #{pass}
        </if>
        order by
        hwo.priority  desc,
        ahp.start_time_ desc
    </select>

</mapper>