<?xml version="1.0" encoding="UTF-8" ?>
<!DOCTYPE mapper PUBLIC "-//mybatis.org//DTD Mapper 3.0//EN" "http://mybatis.org/dtd/mybatis-3-mapper.dtd" >
<mapper namespace="org.fh.mapper.dsno1.taskManager.UserDefTaskMapper" >
  <select id="queryDefTask" parameterType="org.fh.entity.system.QueryParams" resultType="pd"  >
      <include refid="org.fh.mapper.dsno1.workorder.HsWorkOrderMapper.queryInfo" />
      <if test="formInfos != null and formInfos != '' ">
          INNER JOIN
          (
          select work_id from hs_work_form
          WHERE form_uuid in
          <foreach collection="formInfos.split(',')" item="item" open="(" separator="," close=")">
              '${item}'
          </foreach>
          group by work_id
          ) t
          on t.work_id = hwo.id
      </if>
    where
        hwo.company_id = #{companyId}

      <if test="workId != null and workId != '' ">
          and hwo.id like CONCAT('%',#{workId},'%')
      </if>
      <if test="phone != null and phone != '' ">
          and hwo.phone like CONCAT('%',#{phone},'%')
      </if>
      <if test="customerName != null and customerName != '' ">
          and hwo.customer_name like CONCAT('%',#{customerName},'%')
      </if>
      <if test="customerNo != null and customerNo != '' ">
          and hwo.customer_no like CONCAT('%',#{customerNo},'%')
      </if>
      <if test="customerLevel != null and customerLevel != '' ">
          and hwo.customer_level in
          <foreach collection="customerLevel.split(',')" item="item" open="(" separator="," close=")">
              '${item}'
          </foreach>
      </if>
      <if test="advisoryTypeTop != null and advisoryTypeTop != '' ">
          and hwo.advisory_type_top_name in
          <foreach collection="advisoryTypeTop.split(',')" item="type" open="(" separator="," close=")">
              '${type}'
          </foreach>
      </if>
      <if test="myBankCustomer != null and myBankCustomer != '' ">
          and hwo.my_bank_customer = #{myBankCustomer}
      </if>
      <if test="businessType != null and businessType != '' ">
          and hwo.business_type = #{businessType}
      </if>
      <if test="creatorName != null and creatorName != '' ">
          and hwo.creator_id in
          <foreach collection="creatorName.split(',')" item="item" open="(" separator="," close=")">
              '${item}'
          </foreach>
      </if>
<!--      <if test="formInfos != null and formInfos != '' ">-->
<!--          and hwo.form_ids like CONCAT('%',#{formInfos},'%')-->
<!--      </if>-->
      <if test="title != null and title != '' ">
          and hwo.title like CONCAT('%',#{title},'%')
      </if>

      <if test="status != null and status != '' ">
          and hwo.status in
          <foreach collection="status.split(',')" item="item" open="(" separator="," close=")">
              '${item}'
          </foreach>
      </if>

      <if test="createStartTime != null and createStartTime != '' ">
          and hwo.create_time <![CDATA[>= ]]> to_timestamp(#{createStartTime},'yyyy-mm-dd hh24:mi:ss')
      </if>
      <if test="createEndTime != null and createEndTime != '' ">
          and hwo.create_time <![CDATA[<= ]]> to_timestamp(#{createEndTime},'yyyy-mm-dd hh24:mi:ss')
      </if>
      <if test="priority != null and priority != '' ">
          and hwo.priority = #{priority}
      </if>
      <if test="identityVerifyType != null and identityVerifyType != '' ">
          and hwo.identity_verify_type in
          <foreach collection="identityVerifyType.split(',')" item="item" open="(" separator="," close=")">
              '${item}'
          </foreach>
      </if>
      <if test="pass != null and pass != '' ">
          and hwo.pass = #{pass}
      </if>
      <if test="startCallTime != null and startCallTime != '' ">
          and hwo.call_time <![CDATA[>= ]]> #{startCallTime}
      </if>
      <if test="endCallTime != null and endCallTime != '' ">
          and hwo.call_time <![CDATA[<= ]]> #{endCallTime}
      </if>
   </select>

    <sql id="queryInfo">
        SELECT
            art.id_ "taskId",
            hwo.id  "workId",
            hwo.id  "id",
            hwo.title,
			hwo.form_names "formNames",
			hwo.form_ids "formIds",
            hwo.priority,
            hwo.urge,
            hwo.reject,
            hwo.creator_id "creatorId",
            hwo.creator_name "creatorName",
            hwo.create_time "createTime",
            hwo.editor_name "editorName",
            hwo.edite_time "editeTime",
            hwo.status,
            hwo.phone,
            hwo.city,
            hwo.remark,
            hwo.company_name "companyName",
            hwo.customer_name "customerName",
            hwo.customer_no "customerNo",
            hwo.customer_level "customerLevel",
            hwo.my_bank_customer  "myBankCustomer",
            hwo.business_type   "businessType",
            hwo.finish_time "finishTime",
            hwo.call_time "callTime",
            hwo.call_type "callType",
            hwo.bank_location "bankLocation",
            hwo.advisory_content "advisoryContent",
            hwo.advisory_type_top_name "advisoryTypeTop",
            hwo.advisory_type_second_name "advisoryTypeSecond",
            hwo.advisory_type_third_name "advisoryTypeThird",
            hwo.identity_verify_type "identityVerifyType",
            hwo.follow_content "followContent",
            hwo.pass,
            hwo.transfer,
            hwo.referral,
            hwo.referral_team "referralTeam",
            hwo.referral_user "referralUser",
            hwo.referral_result "referralResult",
            hwo.referral_feedback "referralFeedback",
            hwo.plan_time "planTime",
            hwo.opt_verify "optVerify",
            hwo.proc_key "procKey",
            hwo.launch_contentment "launchContentment",
            ahp.tenant_id_ "startRole",
            art.assignee_ assignee,
            uu2.account_name "assigneeName",
            ahp.start_time_ "startTime",
            art.due_date_ "dueDate",
            updInfo.lastUpdateTime "updateTime",
            (SELECT aht.claim_time_ FROM act_hi_taskinst aht
						WHERE aht.proc_inst_id_=hwo.proc_inst_id ORDER BY aht.START_TIME_ limit 1 offset 0) "firstAnswerTime",
						(SELECT uu.account_name from nid_operate_proc nop
						INNER JOIN  ump_user uu  on uu.pk = nop.crt_user
						WHERE nop.work_id = hwo.id  AND operate='回复工单' ORDER BY crt_time desc limit 1 offset 0) as "lastAnswer",

            ahp.end_time_ endTime
        FROM
            hs_work_order hwo
        INNER JOIN
            act_hi_procinst ahp
        ON
            ahp.PROC_INST_ID_ = hwo.proc_inst_id
        LEFT JOIN
            act_ru_task art
        ON
            art.proc_inst_id_ = hwo.proc_inst_id
        LEFT JOIN
            ump_user uu2
        ON
            uu2.pk = art.assignee_

        left join
            (select
                MAX(info.updTime) lastUpdateTime,
                info.proc_inst_id
            from
                (select
                        case when aht.end_time_ is not null then aht.end_time_ else aht.start_time_ end as updTime,
                        hwoo.proc_inst_id as proc_inst_id
                from
                        hs_work_order hwoo
                inner join
                        act_hi_taskinst aht
                on
                        aht.proc_inst_id_ = hwoo.proc_inst_id ) as info
            group by  info.proc_inst_id
            ) updInfo
        on
          updInfo.proc_inst_id=hwo.proc_inst_id
  </sql>

    <select id="queryExcelDefTask" parameterType="org.fh.entity.system.QueryParams"
            resultType="map">
        <include refid="queryInfo" />
        <if test="formInfos != null and formInfos != '' ">
            INNER JOIN
            (
            select work_id from hs_work_form
            WHERE form_uuid in
            <foreach collection="formInfos.split(',')" item="item" open="(" separator="," close=")">
                '${item}'
            </foreach>
            group by work_id
            ) t
            on t.work_id = hwo.id
        </if>
        where
        hwo.company_id = #{companyId}
        <if test="workId != null and workId != '' ">
            and hwo.id like CONCAT('%',#{workId},'%')
        </if>
        <if test="phone != null and phone != '' ">
            and hwo.phone like CONCAT('%',#{phone},'%')
        </if>
        <if test="customerName != null and customerName != '' ">
            and hwo.customer_name like CONCAT('%',#{customerName},'%')
        </if>
        <if test="customerNo != null and customerNo != '' ">
            and hwo.customer_no like CONCAT('%',#{customerNo},'%')
        </if>
        <if test="customerLevel != null and customerLevel != '' ">
            and hwo.customer_level in
            <foreach collection="customerLevel.split(',')" item="item" open="(" separator="," close=")">
                '${item}'
            </foreach>
        </if>
        <if test="advisoryTypeTop != null and advisoryTypeTop != '' ">
            and hwo.advisory_type_top_name in
            <foreach collection="advisoryTypeTop.split(',')" item="item" open="(" separator="," close=")">
                '${item}'
            </foreach>
        </if>
        <if test="myBankCustomer != null and myBankCustomer != '' ">
            and hwo.my_bank_customer = #{myBankCustomer}
        </if>
        <if test="businessType != null and businessType != '' ">
            and hwo.business_type = #{businessType}
        </if>
        <if test="creatorName != null and creatorName != '' ">
            and hwo.creator_id in
            <foreach collection="creatorName.split(',')" item="item" open="(" separator="," close=")">
                '${item}'
            </foreach>
        </if>
<!--        <if test="formInfos != null and formInfos != '' ">-->
<!--            and hwo.form_ids like CONCAT('%',#{formInfos},'%')-->
<!--        </if>-->
        <if test="title != null and title != '' ">
            and hwo.title like CONCAT('%',#{title},'%')
        </if>


        <if test="status != null and status != '' ">
            and hwo.status in
            <foreach collection="status.split(',')" item="item" open="(" separator="," close=")">
                '${item}'
            </foreach>
        </if>

        <if test="createStartTime != null and createStartTime != '' ">
            and hwo.create_time <![CDATA[>= ]]> to_timestamp(#{createStartTime},'yyyy-mm-dd hh24:mi:ss')
        </if>
        <if test="createEndTime != null and createEndTime != '' ">
            and hwo.create_time <![CDATA[<= ]]> to_timestamp(#{createEndTime},'yyyy-mm-dd hh24:mi:ss')
        </if>
        <if test="priority != null and priority != '' ">
            and hwo.priority = #{priority}
        </if>
        <if test="identityVerifyType != null and identityVerifyType != '' ">
            and hwo.identity_verify_type in
            <foreach collection="identityVerifyType.split(',')" item="item" open="(" separator="," close=")">
                '${item}'
            </foreach>
        </if>
        <if test="pass != null and pass != '' ">
            and hwo.pass = #{pass}
        </if>
        <if test="startCallTime != null and startCallTime != '' ">
            and hwo.call_time <![CDATA[>= ]]> #{startCallTime}
        </if>
        <if test="endCallTime != null and endCallTime != '' ">
            and hwo.call_time <![CDATA[<= ]]> #{endCallTime}
        </if>
        order by ahp.start_time_ desc
    </select>
</mapper>