<?xml version="1.0" encoding="UTF-8" ?>
<!DOCTYPE mapper PUBLIC "-//mybatis.org//DTD Mapper 3.0//EN" "http://mybatis.org/dtd/mybatis-3-mapper.dtd" >
<mapper namespace="org.fh.mapper.dsno1.workorder.HsWorkOrderMapper" >
  <resultMap id="BaseResultMap" type="org.fh.entity.workerorder.HsWorkOrder" >
    <!--
      WARNING - @mbggenerated
    -->
    <id column="id" property="id" jdbcType="INTEGER" />
  </resultMap>

    <!--表名 -->
    <sql id="tableName">
          hs_work_order
    </sql>

  <sql id="queryInfo">
        SELECT
            art.id_ "taskId",
            hwo.id  "workId",
            hwo.id  "id",
            hwo.title,
			hwo.form_names "formInfos",
			hwo.form_ids "formIds",
            hwo.priority,
            hwo.urge,
            hwo.reject,
            hwo.creator_id "creatorId",
            hwo.creator_name "creatorName",
            hwo.create_time "createTime",
            hwo.status,
            hwo.phone,
            hwo.customer_name "customerName",
            hwo.customer_no "customerNo",
            hwo.customer_level "customerLevel",
            hwo.my_bank_customer  "myBankCustomer",
            hwo.business_type   "businessDirection",
            hwo.finish_time "finishTime",
            hwo.call_time "callTime",
            hwo.advisory_type_top_name "advisoryType",
            ahp.tenant_id_ "startRole",
            art.assignee_ assignee,
            uu2.account_name "assigneeName",
            ahp.start_time_ "startTime",
            art.due_date_ "dueDate",
            updInfo.lastUpdateTime "updateTime",
            (SELECT aht.claim_time_ FROM act_hi_taskinst aht
						WHERE aht.proc_inst_id_=hwo.proc_inst_id ORDER BY aht.START_TIME_ limit 1 offset 0) "firstAnswerTime",
						(SELECT uu.account_name from nid_operate_proc nop
						INNER JOIN  ump_user uu  on uu.pk = nop.crt_user
						WHERE nop.work_id = hwo.id  AND operate='回复工单' ORDER BY crt_time desc limit 1 offset 0) as "lastAnswer",

            ahp.end_time_ endTime
        FROM
            hs_work_order hwo
        INNER JOIN
            act_hi_procinst ahp
        ON
            ahp.PROC_INST_ID_ = hwo.proc_inst_id
        LEFT JOIN
            act_ru_task art
        ON
            art.proc_inst_id_ = hwo.proc_inst_id
        LEFT JOIN
            ump_user uu2
        ON
            uu2.pk = art.assignee_

        left join
            (select
                MAX(info.updTime) lastUpdateTime,
                info.proc_inst_id
            from
                (select
                        case when aht.end_time_ is not null then aht.end_time_ else aht.start_time_ end as updTime,
                        hwoo.proc_inst_id as proc_inst_id
                from
                        hs_work_order hwoo
                inner join
                        act_hi_taskinst aht
                on
                        aht.proc_inst_id_ = hwoo.proc_inst_id ) as info
            group by  info.proc_inst_id
            ) updInfo
        on
          updInfo.proc_inst_id=hwo.proc_inst_id
  </sql>



    <select id="checkLimitCount" parameterType="java.util.Map" resultType="integer">
        select
            count(0)
        from
                sys_role_user
        where
                user_id = #{userId}
        and
                role_id in
        (
        select
                ahp.tenant_id_
        from
                act_hi_procinst ahp
        inner join
                hs_work_order hwo
        on
                hwo.proc_inst_id = ahp.id_
        where
                hwo.id = #{workId}
        )
    </select>

    <update id="updateUrge" parameterType="string">
        UPDATE
        <include refid="tableName"></include>
        SET urge= 1
        where id=#{workId}
    </update>

    <!-- 更新工单状态 -->
    <update id="updateWorkStatus" parameterType="map">
        update
        <include refid="tableName"></include>
        set
        status = #{workStatus}
        where
        id= #{workId} and company_id=#{companyId}
    </update>

    <select id="qualityPage"  resultType="pd"  parameterType="map">
        SELECT
            hwo.id "workId",
            hwo.title,
            hwo.status,
            hwo.priority,
            hwo.form_names "formInfos",
            hwo.creator_name "creatorName",
            hwo.create_time "createTime",
            hwo.call_time "callTime",
            hwo.phone,
            hwo.advisory_type_top_name "advisoryType",
            hwo.customer_name "customerName",
            hwo.customer_no "customerNo",
            hwo.customer_level "customerLevel",
            hwo.my_bank_customer "myBankCustomer",
            hwo.business_type "businessDirection",
            hqb1.final_score  "IBScore",
            hqb1.agree "IBAgree",
            hqb2.final_score   "witnessScore",
            hqb2.agree   "witnessAgree",
            hqb3.id   "layerId",
            hqb4.id   "dailyId",
            hqb4.faild_cause "dailyCause",
            hqb5.id  "postId",
            hqb5.faild_cause "postCause"
        FROM
            hs_work_order hwo
            LEFT JOIN ( SELECT work_id, final_score, agree , supervisor FROM hs_quality_bill WHERE type = 'IBCallMon' ) hqb1 ON hqb1.work_id = hwo.id
            LEFT JOIN ( SELECT work_id, final_score, agree FROM hs_quality_bill WHERE type = 'witnessCallMon' ) hqb2 ON hqb2.work_id = hwo.id
            LEFT JOIN ( SELECT work_id, id FROM hs_quality_bill WHERE type = 'LayerCallMon' ) hqb3 ON hqb3.work_id = hwo.id
            LEFT JOIN ( SELECT work_id, faild_cause, id FROM hs_quality_bill WHERE type = 'DailyChecking' ) hqb4 ON hqb4.work_id = hwo.id
            LEFT JOIN ( SELECT work_id, faild_cause, id FROM hs_quality_bill WHERE type = 'PostChecking' ) hqb5 ON hqb5.work_id = hwo.id
        <if test="formInfos != null and formInfos != '' ">
            INNER JOIN
            (
            select work_id from hs_work_form
            WHERE form_uuid in
            <foreach collection="formInfos.split(',')" item="item" open="(" separator="," close=")">
                '${item}'
            </foreach>
            group by work_id
            ) t
            on t.work_id = hwo.id
        </if>

        WHERE

        <if test="status != null and status != '' ">
             hwo.status = #{status}
        </if>
        <if test="status == null or status == '' ">
             hwo.status in ('3','2')
        </if>

        <if test="workId != null and workId != '' ">
            and hwo.id like CONCAT('%',#{workId},'%')
        </if>
        <if test="phone != null and phone != '' ">
            and hwo.phone like CONCAT('%',#{phone},'%')
        </if>
        <if test="customerName != null and customerName != '' ">
            and hwo.customer_name like CONCAT('%',#{customerName},'%')
        </if>
        <if test="customerNo != null and customerNo != '' ">
            and hwo.customer_no like CONCAT('%',#{customerNo},'%')
        </if>
        <if test="customerLevel != null and customerLevel != '' ">
            and hwo.customer_level in
            <foreach collection="customerLevel.split(',')" item="item" open="(" separator="," close=")">
                '${item}'
            </foreach>
        </if>
        <if test="advisoryTypeTop != null and advisoryTypeTop != '' ">
            and hwo.advisory_type_top_name in
            <foreach collection="advisoryTypeTop.split(',')" item="item" open="(" separator="," close=")">
                '${item}'
            </foreach>
        </if>
        <if test="myBankCustomer != null and myBankCustomer != '' ">
            and hwo.my_bank_customer = #{myBankCustomer}
        </if>
        <if test="businessType != null and businessType != '' ">
            and hwo.business_type = #{businessType}
        </if>
        <if test="creatorName != null and creatorName != '' ">
            and hwo.creator_id in
            <foreach collection="creatorName.split(',')" item="item" open="(" separator="," close=")">
                '${item}'
            </foreach>
        </if>
        <if test="title != null and title != '' ">
            and hwo.title like CONCAT('%',#{title},'%')
        </if>
        <if test="createStartTime != null and createStartTime != '' ">
            and hwo.create_time <![CDATA[>= ]]> to_timestamp(#{createStartTime},'yyyy-mm-dd hh24:mi:ss')
        </if>
        <if test="createEndTime != null and createEndTime != '' ">
            and hwo.create_time <![CDATA[<= ]]> to_timestamp(#{createEndTime},'yyyy-mm-dd hh24:mi:ss')
        </if>
        <if test="startCallTime != null and startCallTime != '' ">
            and hwo.call_time <![CDATA[>= ]]> #{startCallTime}
        </if>
        <if test="endCallTime != null and endCallTime != '' ">
            and hwo.call_time <![CDATA[<= ]]> #{endCallTime}
        </if>
        <if test="priority != null and priority != '' ">
            and hwo.priority = #{priority}
        </if>
        <if test="identityVerifyType != null and identityVerifyType != '' ">
            and hwo.identity_verify_type in
            <foreach collection="identityVerifyType.split(',')" item="item" open="(" separator="," close=")">
                '${item}'
            </foreach>
        </if>
        <if test="pass != null and pass != '' ">
            and hwo.pass = #{pass}
        </if>
        <if test=' ibQuality == "1" '>
            and hqb1.work_id is not null
        </if>
        <if test=' ibQuality == "0" '>
            and hqb1.work_id is  null
        </if>
        <if test="ibAgree != null and ibAgree != '' ">
            and hqb1.agree = #{ibAgree}
        </if>

        <if test='  witnessQuality == "1" '>
            and hqb2.work_id is not null
        </if>
        <if test='  witnessQuality == "0" '>
            and hqb2.work_id is  null
        </if>
        <if test="witnessAgree != null and witnessAgree != '' ">
            and hqb2.agree = #{witnessAgree}
        </if>

        <if test=' dailyQuality == "1" '>
            and hqb4.work_id is not null
        </if>
        <if test=' dailyQuality == "0" '>
            and hqb4.work_id is  null
        </if>

        <if test=' layerQuality == "1" '>
            and hqb3.work_id is not null
        </if>
        <if test=' layerQuality == "0" '>
            and hqb3.work_id is  null
        </if>
        <if test='  postQuality == "1" '>
            and hqb5.work_id is not null
        </if>
        <if test='  postQuality == "0" '>
            and hqb5.work_id is  null
        </if>
        <if test="supervisor != null and supervisor != ''">
            and hqb1.supervisor like CONCAT('%',#{supervisor},'%')
        </if>
    </select>

    <select id="queryExcelQuality" parameterType="org.fh.entity.system.QueryParams"
            resultType="map">
        SELECT
        hwo.creator_name "creatorName",
        hwo.call_time "callTime",
        hwo.advisory_type_top_name "advisoryType",
        hqb1.supervisor "IBSupervisor",
        hqb1.risk_rating  "IBRiskRating",
        hqb1.final_score  "IBScore",
        hqb1.comment  "IBComment",
        hqb1.agree "IBAgree",
        hqb1.option_infos "IBOptionInfos",

        hqb2.supervisor "WitnessSupervisor",
        hqb2.option_infos   "WitnessOptionInfos",
        hqb2.final_score  "WitnessScore",
        hqb2.risk_rating  "WitnessRiskRating",
        hqb2.comment  "WitnessComment",
        hqb2.agree "WitnessAgree",
        hqb2.business_type "WitnessBusinessType",
        hqb2.file_no "WitnessFileNo",

        hqb3.supervisor "LayerSupervisor",
        hqb3.risk_rating  "LayerRiskRating",
        hqb3.remark  "LayerRemark",
        hqb3.agent_communicate   "LayerAgentCommunicate",
        hqb3.tl_communicate   "LayerTlCommunicate",
        hqb3.option_infos   "LayerOptionInfos",

        hqb4.option_infos   "DailyOptionInfos",
        hqb4.supervisor   "DailySupervisor",

        hqb5.option_infos   "PostOptionInfos",
        hqb5.agent_communicate   "agentCommunicate",
        hqb5.tl_communicate   "tlCommunicate",
        hqb5.qa_comment   "qaComment",
        hqb5.qa_name   "qaName",
        hqb5.result   "result",
        hqb5.call_time   "qaCallTime",
        hqb5.supervisor "PostSupervisor"
        FROM
        hs_work_order hwo
        LEFT JOIN ( SELECT work_id, final_score, agree , supervisor,risk_rating,comment,option_infos FROM hs_quality_bill WHERE type = 'IBCallMon' ) hqb1 ON hqb1.work_id = hwo.id
        LEFT JOIN ( SELECT work_id, final_score, agree, supervisor, business_type, risk_rating,comment, file_no, option_infos FROM hs_quality_bill WHERE type = 'witnessCallMon' ) hqb2 ON hqb2.work_id = hwo.id
        LEFT JOIN ( SELECT work_id, supervisor, risk_rating, option_infos,agent_communicate,tl_communicate, remark FROM hs_quality_bill WHERE type = 'LayerCallMon' ) hqb3 ON hqb3.work_id = hwo.id
        LEFT JOIN ( SELECT work_id, supervisor, option_infos FROM hs_quality_bill WHERE type = 'DailyChecking' ) hqb4 ON hqb4.work_id = hwo.id
        LEFT JOIN ( SELECT work_id, supervisor, option_infos,agent_communicate,tl_communicate,qa_comment,qa_name,result,call_time FROM hs_quality_bill WHERE type = 'PostChecking' ) hqb5 ON hqb5.work_id = hwo.id
        <if test="formInfos != null and formInfos != '' ">
            INNER JOIN
            (
            select work_id from hs_work_form
            WHERE form_uuid in
            <foreach collection="formInfos.split(',')" item="item" open="(" separator="," close=")">
                '${item}'
            </foreach>
            group by work_id
            ) t
            on t.work_id = hwo.id
        </if>

        WHERE

        <if test="status != null and status != '' ">
            hwo.status = #{status}
        </if>
        <if test="status == null or status == '' ">
            hwo.status in ('3','2')
        </if>

        <if test="workId != null and workId != '' ">
            and hwo.id like CONCAT('%',#{workId},'%')
        </if>
        <if test="phone != null and phone != '' ">
            and hwo.phone like CONCAT('%',#{phone},'%')
        </if>
        <if test="customerName != null and customerName != '' ">
            and hwo.customer_name like CONCAT('%',#{customerName},'%')
        </if>
        <if test="customerNo != null and customerNo != '' ">
            and hwo.customer_no like CONCAT('%',#{customerNo},'%')
        </if>
        <if test="customerLevel != null and customerLevel != '' ">
            and hwo.customer_level in
            <foreach collection="customerLevel.split(',')" item="item" open="(" separator="," close=")">
                '${item}'
            </foreach>
        </if>
        <if test="advisoryTypeTop != null and advisoryTypeTop != '' ">
            and hwo.advisory_type_top_name in
            <foreach collection="advisoryTypeTop.split(',')" item="item" open="(" separator="," close=")">
                '${item}'
            </foreach>
        </if>
        <if test="myBankCustomer != null and myBankCustomer != '' ">
            and hwo.my_bank_customer = #{myBankCustomer}
        </if>
        <if test="businessType != null and businessType != '' ">
            and hwo.business_type = #{businessType}
        </if>
        <if test="creatorName != null and creatorName != '' ">
            and hwo.creator_id in
            <foreach collection="creatorName.split(',')" item="item" open="(" separator="," close=")">
                '${item}'
            </foreach>
        </if>
        <if test="title != null and title != '' ">
            and hwo.title like CONCAT('%',#{title},'%')
        </if>
        <if test="createStartTime != null and createStartTime != '' ">
            and hwo.create_time <![CDATA[>= ]]> to_timestamp(#{createStartTime},'yyyy-mm-dd hh24:mi:ss')
        </if>
        <if test="createEndTime != null and createEndTime != '' ">
            and hwo.create_time <![CDATA[<= ]]> to_timestamp(#{createEndTime},'yyyy-mm-dd hh24:mi:ss')
        </if>
        <if test="startCallTime != null and startCallTime != '' ">
            and hwo.call_time <![CDATA[>= ]]> #{startCallTime}
        </if>
        <if test="endCallTime != null and endCallTime != '' ">
            and hwo.call_time <![CDATA[<= ]]> #{endCallTime}
        </if>
        <if test="priority != null and priority != '' ">
            and hwo.priority = #{priority}
        </if>
        <if test="identityVerifyType != null and identityVerifyType != '' ">
            and hwo.identity_verify_type in
            <foreach collection="identityVerifyType.split(',')" item="item" open="(" separator="," close=")">
                '${item}'
            </foreach>
        </if>
        <if test="pass != null and pass != '' ">
            and hwo.pass = #{pass}
        </if>
        <if test=' ibQuality == "1" '>
            and hqb1.work_id is not null
        </if>
        <if test=' ibQuality == "0" '>
            and hqb1.work_id is  null
        </if>
        <if test="ibAgree != null and ibAgree != '' ">
            and hqb1.agree = #{ibAgree}
        </if>

        <if test='  witnessQuality == "1" '>
            and hqb2.work_id is not null
        </if>
        <if test='  witnessQuality == "0" '>
            and hqb2.work_id is  null
        </if>
        <if test="witnessAgree != null and witnessAgree != '' ">
            and hqb2.agree = #{witnessAgree}
        </if>

        <if test=' dailyQuality == "1" '>
            and hqb4.work_id is not null
        </if>
        <if test=' dailyQuality == "0" '>
            and hqb4.work_id is  null
        </if>

        <if test=' layerQuality == "1" '>
            and hqb3.work_id is not null
        </if>
        <if test=' layerQuality == "0" '>
            and hqb3.work_id is  null
        </if>
        <if test='  postQuality == "1" '>
            and hqb5.work_id is not null
        </if>
        <if test='  postQuality == "0" '>
            and hqb5.work_id is  null
        </if>
        <if test="supervisor != null and supervisor != ''">
            and hqb1.supervisor like CONCAT('%',#{supervisor},'%')
        </if>
    </select>


    <select id="queryMyCreate" parameterType="org.fh.entity.system.QueryParams" resultType="pd"  >
        SELECT
        hwo.id "workId",
        hwo.title,
        hwo.status,
        hwo.priority,
        hwo.call_time "callTime",
        hwo.advisory_type_top_name  "advisoryType",
        hwo.form_names "formInfos",
        hwo.creator_name "creatorName",
        hwo.create_time "createTime",
        hwo.phone,
        hwo.customer_name "customerName",
        hwo.customer_no "customerNo",
        hwo.customer_level "customerLevel",
        hwo.my_bank_customer "myBankCustomer",
        hwo.business_type "businessDirection",
        uu2.account_name "assigneeName",
        hqb1.final_score  "IBScore",
        hqb1.agree "IBAgree",
        hqb2.final_score   "witnessScore",
        hqb2.agree   "witnessAgree",
        hqb3.id   "layerId",
        hqb4.id   "dailyId",
        hqb4.faild_cause "dailyCause",
        hqb5.id  "postId",
        hqb5.faild_cause "postCause"
        FROM
        hs_work_order hwo
        LEFT JOIN ( SELECT work_id, final_score, agree FROM hs_quality_bill WHERE type = 'IBCallMon' ) hqb1 ON hqb1.work_id = hwo.id
        LEFT JOIN ( SELECT work_id, final_score, agree FROM hs_quality_bill WHERE type = 'witnessCallMon' ) hqb2 ON hqb2.work_id = hwo.id
        LEFT JOIN ( SELECT work_id, id FROM hs_quality_bill WHERE type = 'LayerCallMon' ) hqb3 ON hqb3.work_id = hwo.id
        LEFT JOIN ( SELECT work_id, faild_cause, id FROM hs_quality_bill WHERE type = 'DailyChecking' ) hqb4 ON hqb4.work_id = hwo.id
        LEFT JOIN ( SELECT work_id, faild_cause, id FROM hs_quality_bill WHERE type = 'PostChecking' ) hqb5 ON hqb5.work_id = hwo.id
        LEFT JOIN
        act_ru_task art
        ON
        art.proc_inst_id_ = hwo.proc_inst_id
        LEFT JOIN
        ump_user uu2
        ON
        uu2.pk = art.assignee_
        <if test="formInfos != null and formInfos != '' ">
            INNER JOIN
            (
            select work_id from hs_work_form
            WHERE form_uuid in
            <foreach collection="formInfos.split(',')" item="item" open="(" separator="," close=")">
                '${item}'
            </foreach>
            group by work_id
            ) t
            on t.work_id = hwo.id
        </if>
        WHERE
        hwo.creator_id = #{userId}
        AND
        hwo.company_id = #{companyId}

        <if test="workId != null and workId != '' ">
            and hwo.id like CONCAT('%',#{workId},'%')
        </if>
        <if test="status != null and status != '' ">
            and hwo.status in
            <foreach collection="status.split(',')" item="item" open="(" separator="," close=")">
                '${item}'
            </foreach>
        </if>
        <if test="phone != null and phone != '' ">
            and hwo.phone like CONCAT('%',#{phone},'%')
        </if>
        <if test="customerName != null and customerName != '' ">
            and hwo.customer_name like CONCAT('%',#{customerName},'%')
        </if>
<!--        <if test="formInfos != null and formInfos != '' ">-->
<!--            and hwo.form_ids like CONCAT('%',#{formInfos},'%')-->
<!--        </if>-->
        <if test="customerNo != null and customerNo != '' ">
            and hwo.customer_no like CONCAT('%',#{customerNo},'%')
        </if>
        <if test="customerLevel != null and customerLevel != '' ">
            and hwo.customer_level in
            <foreach collection="customerLevel.split(',')" item="level" open="(" separator="," close=")">
                '${level}'
            </foreach>
        </if>
        <if test="advisoryTypeTop != null and advisoryTypeTop != '' ">
            and hwo.advisory_type_top_name in
            <foreach collection="advisoryTypeTop.split(',')" item="type" open="(" separator="," close=")">
                '${type}'
            </foreach>
        </if>
        <if test="myBankCustomer != null and myBankCustomer != '' ">
            and hwo.my_bank_customer = #{myBankCustomer}
        </if>
        <if test="businessType != null and businessType != '' ">
            and hwo.business_type = #{businessType}
        </if>
        <if test="creatorName != null and creatorName != '' ">
            and hwo.creator_id in
            <foreach collection="creatorName.split(',')" item="item" open="(" separator="," close=")">
                '${item}'
            </foreach>
        </if>
        <if test="title != null and title != '' ">
            and hwo.title like CONCAT('%',#{title},'%')
        </if>
        <if test="createStartTime != null and createStartTime != '' ">
            and hwo.create_time <![CDATA[>= ]]> to_timestamp(#{createStartTime},'yyyy-mm-dd hh24:mi:ss')
        </if>
        <if test="createEndTime != null and createEndTime != '' ">
            and hwo.create_time <![CDATA[<= ]]> to_timestamp(#{createEndTime},'yyyy-mm-dd hh24:mi:ss')
        </if>
        <if test="startCallTime != null and startCallTime != '' ">
            and hwo.call_time <![CDATA[>= ]]> #{startCallTime}
        </if>
        <if test="endCallTime != null and endCallTime != '' ">
            and hwo.call_time <![CDATA[<= ]]> #{endCallTime}
        </if>
        <if test="priority != null and priority != '' ">
            and hwo.priority = #{priority}
        </if>
        <if test="identityVerifyType != null and identityVerifyType != '' ">
            and hwo.identity_verify_type in
            <foreach collection="identityVerifyType.split(',')" item="type" open="(" separator="," close=")">
                '${type}'
            </foreach>
        </if>
        <if test="pass != null and pass != '' ">
            and hwo.pass = #{pass}
        </if>
        <if test=' ibQuality == "1" '>
            and hqb1.work_id is not null
        </if>
        <if test=' ibQuality == "0" '>
            and hqb1.work_id is  null
        </if>
        <if test="ibAgree != null and ibAgree != '' ">
            and hqb1.agree = #{ibAgree}
        </if>

        <if test='  witnessQuality == "1" '>
            and hqb2.work_id is not null
        </if>
        <if test='  witnessQuality == "0" '>
            and hqb2.work_id is  null
        </if>
        <if test="witnessAgree != null and witnessAgree != '' ">
            and hqb2.agree = #{witnessAgree}
        </if>

        <if test=' dailyQuality == "1" '>
            and hqb4.work_id is not null
        </if>
        <if test=' dailyQuality == "0" '>
            and hqb4.work_id is  null
        </if>

        <if test=' layerQuality == "1" '>
            and hqb3.work_id is not null
        </if>
        <if test=' layerQuality == "0" '>
            and hqb3.work_id is  null
        </if>
        <if test='  postQuality == "1" '>
            and hqb5.work_id is not null
        </if>
        <if test='  postQuality == "0" '>
            and hqb5.work_id is  null
        </if>
    </select>

    <select id="deleteWorkPage"  resultType="pd"  parameterType="map">
        SELECT
        hwo.id "workId",
        hwo.title,
        hwo.status,
        hwo.priority,
        hwo.form_names "formInfos",
        hwo.creator_name "creatorName",
        hwo.create_time "createTime",
        hwo.call_time "callTime",
        hwo.phone,
        hwo.advisory_type_top_name "advisoryType",
        hwo.customer_name "customerName",
        hwo.customer_no "customerNo",
        hwo.customer_level "customerLevel",
        hwo.my_bank_customer "myBankCustomer",
        hwo.business_type "businessDirection",
        hqb1.final_score  "IBScore",
        hqb1.agree "IBAgree",
        hqb2.final_score   "witnessScore",
        hqb2.agree   "witnessAgree",
        hqb3.id   "layerId",
        hqb4.id   "dailyId",
        hqb4.faild_cause "dailyCause",
        hqb5.id  "postId",
        hqb5.faild_cause "postCause"
        FROM
        hs_work_order hwo
        LEFT JOIN ( SELECT work_id, final_score, agree , supervisor FROM hs_quality_bill WHERE type = 'IBCallMon' ) hqb1 ON hqb1.work_id = hwo.id
        LEFT JOIN ( SELECT work_id, final_score, agree FROM hs_quality_bill WHERE type = 'witnessCallMon' ) hqb2 ON hqb2.work_id = hwo.id
        LEFT JOIN ( SELECT work_id, id FROM hs_quality_bill WHERE type = 'LayerCallMon' ) hqb3 ON hqb3.work_id = hwo.id
        LEFT JOIN ( SELECT work_id, faild_cause, id FROM hs_quality_bill WHERE type = 'DailyChecking' ) hqb4 ON hqb4.work_id = hwo.id
        LEFT JOIN ( SELECT work_id, faild_cause, id FROM hs_quality_bill WHERE type = 'PostChecking' ) hqb5 ON hqb5.work_id = hwo.id
        <if test="formInfos != null and formInfos != '' ">
            INNER JOIN
            (
            select work_id from hs_work_form
            WHERE form_uuid in
            <foreach collection="formInfos.split(',')" item="item" open="(" separator="," close=")">
                '${item}'
            </foreach>
            group by work_id
            ) t
            on t.work_id = hwo.id
        </if>

        WHERE 1=1
        <if test="workId != null and workId != '' ">
            and hwo.id like CONCAT('%',#{workId},'%')
        </if>
        <if test="status == null or status == ''">
            and hwo.status in ('3','2')
        </if>
        <if test="status != null and status != ''">
            and hwo.status in
            <foreach collection="status.split(',')" item="item" open="(" separator="," close=")">
                '${item}'
            </foreach>
        </if>
        <if test="phone != null and phone != '' ">
            and hwo.phone like CONCAT('%',#{phone},'%')
        </if>
        <if test="customerName != null and customerName != '' ">
            and hwo.customer_name like CONCAT('%',#{customerName},'%')
        </if>
        <if test="customerNo != null and customerNo != '' ">
            and hwo.customer_no like CONCAT('%',#{customerNo},'%')
        </if>
        <if test="customerLevel != null and customerLevel != '' ">
            and hwo.customer_level in
            <foreach collection="customerLevel.split(',')" item="item" open="(" separator="," close=")">
                '${item}'
            </foreach>
        </if>
        <if test="advisoryTypeTop != null and advisoryTypeTop != '' ">
            and hwo.advisory_type_top_name in
            <foreach collection="advisoryTypeTop.split(',')" item="item" open="(" separator="," close=")">
                '${item}'
            </foreach>
        </if>
        <if test="myBankCustomer != null and myBankCustomer != '' ">
            and hwo.my_bank_customer = #{myBankCustomer}
        </if>
        <if test="businessType != null and businessType != '' ">
            and hwo.business_type = #{businessType}
        </if>
        <if test="creatorName != null and creatorName != '' ">
            and hwo.creator_id in
            <foreach collection="creatorName.split(',')" item="item" open="(" separator="," close=")">
                '${item}'
            </foreach>
        </if>
        <if test="title != null and title != '' ">
            and hwo.title like CONCAT('%',#{title},'%')
        </if>
        <if test="createStartTime != null and createStartTime != '' ">
            and hwo.create_time <![CDATA[>= ]]> to_timestamp(#{createStartTime},'yyyy-mm-dd hh24:mi:ss')
        </if>
        <if test="createEndTime != null and createEndTime != '' ">
            and hwo.create_time <![CDATA[<= ]]> to_timestamp(#{createEndTime},'yyyy-mm-dd hh24:mi:ss')
        </if>
        <if test="startCallTime != null and startCallTime != '' ">
            and hwo.call_time <![CDATA[>= ]]> #{startCallTime}
        </if>
        <if test="endCallTime != null and endCallTime != '' ">
            and hwo.call_time <![CDATA[<= ]]> #{endCallTime}
        </if>
        <if test="priority != null and priority != '' ">
            and hwo.priority = #{priority}
        </if>
        <if test="identityVerifyType != null and identityVerifyType != '' ">
            and hwo.identity_verify_type in
            <foreach collection="identityVerifyType.split(',')" item="item" open="(" separator="," close=")">
                '${item}'
            </foreach>
        </if>
        <if test="pass != null and pass != '' ">
            and hwo.pass = #{pass}
        </if>
        <if test=' ibQuality == "1" '>
            and hqb1.work_id is not null
        </if>
        <if test=' ibQuality == "0" '>
            and hqb1.work_id is  null
        </if>
        <if test="ibAgree != null and ibAgree != '' ">
            and hqb1.agree = #{ibAgree}
        </if>

        <if test='  witnessQuality == "1" '>
            and hqb2.work_id is not null
        </if>
        <if test='  witnessQuality == "0" '>
            and hqb2.work_id is  null
        </if>
        <if test="witnessAgree != null and witnessAgree != '' ">
            and hqb2.agree = #{witnessAgree}
        </if>

        <if test=' dailyQuality == "1" '>
            and hqb4.work_id is not null
        </if>
        <if test=' dailyQuality == "0" '>
            and hqb4.work_id is  null
        </if>

        <if test=' layerQuality == "1" '>
            and hqb3.work_id is not null
        </if>
        <if test=' layerQuality == "0" '>
            and hqb3.work_id is  null
        </if>
        <if test='  postQuality == "1" '>
            and hqb5.work_id is not null
        </if>
        <if test='  postQuality == "0" '>
            and hqb5.work_id is  null
        </if>
        <if test="supervisor != null and supervisor != ''">
            and hqb1.supervisor in
            <foreach collection="supervisor.split(',')" item="item" open="(" separator="," close=")">
                '${item}'
            </foreach>
        </if>
    </select>

    <select id="selectListByIds" resultType="org.fh.entity.workerorder.HsWorkOrder">
        select * from hs_work_order
        where 1=1
        <if test="workIds != null">
            and id in
            <foreach collection="workIds" item="item" open="(" separator="," close=")">
                '${item}'
            </foreach>
        </if>
    </select>

    <select id="selectByCondition" parameterType="org.fh.entity.system.QueryParams"
            resultType="org.fh.entity.workerorder.HsWorkOrder">
        select create_time,creator_id,creator_name,status,business_type,form_ids,
               advisory_type_top_name,advisory_type_second_name from hs_work_order
        where status is not null
        <if test="createStartTime != null and createStartTime != '' ">
            and create_time <![CDATA[>= ]]> to_timestamp(#{createStartTime},'yyyy-mm-dd hh24:mi:ss')
        </if>
        <if test="createEndTime != null and createEndTime != '' ">
            and create_time <![CDATA[<= ]]> to_timestamp(#{createEndTime},'yyyy-mm-dd hh24:mi:ss')
        </if>
    </select>


</mapper>