<?xml version="1.0" encoding="UTF-8" ?>
<!DOCTYPE mapper PUBLIC "-//mybatis.org//DTD Mapper 3.0//EN" "http://mybatis.org/dtd/mybatis-3-mapper.dtd" >
<mapper namespace="org.fh.mapper.dsno1.system.NidConfigMapper" >
  <resultMap id="BaseResultMap" type="org.fh.entity.system.NidConfig" >
    <id column="company_id" property="companyId" jdbcType="CHAR" />
    <result column="next_node_handler" property="nextNodeHandler" jdbcType="INTEGER" />
    <result column="order_notice" property="orderNotice" jdbcType="INTEGER" />
    <result column="notice_email" property="noticeEmail" jdbcType="INTEGER" />
    <result column="notice_msg" property="noticeMsg" jdbcType="INTEGER" />
    <result column="notice_pop" property="noticePop" jdbcType="INTEGER" />
    <result column="delete_notice_publisher" property="deleteNoticePublisher" jdbcType="INTEGER" />
    <result column="close_notice_publisher" property="closeNoticePublisher" jdbcType="INTEGER" />
    <result column="close_notice_handler" property="closeNoticeHandler" jdbcType="INTEGER" />
    <result column="reply_notice_publisher" property="replyNoticePublisher" jdbcType="INTEGER" />
    <result column="reply_notice_handler" property="replyNoticeHandler" jdbcType="INTEGER" />
    <result column="reject_notice_previous_handler" property="rejectNoticePreviousHandler" jdbcType="INTEGER" />
    <result column="distribution_notice_distributee" property="distributionNoticeDistributee" jdbcType="INTEGER" />
    <result column="transfer_notice_transferredperson" property="transferNoticeTransferredperson" jdbcType="INTEGER" />
    <result column="transfer_notice_handler" property="transferNoticeHandler" jdbcType="INTEGER" />
    <result column="order_close_my_pending_treatment" property="orderCloseMyPendingTreatment" jdbcType="INTEGER" />
    <result column="create_time" property="createTime" jdbcType="TIMESTAMP" />
    <result column="update_time" property="updateTime" jdbcType="TIMESTAMP" />
    <result column="create_by" property="createBy" jdbcType="VARCHAR" />
    <result column="update_by" property="updateBy" jdbcType="VARCHAR" />
    <result column="order_close_my_created" property="orderCloseMyCreated" jdbcType="INTEGER" />
    <result column="order_close_role_created" property="orderCloseRoleCreated" jdbcType="INTEGER" />
    <result column="order_close_role_pending_treatment" property="orderCloseRolePendingTreatment" jdbcType="INTEGER" />
    <result column="order_close_all_pending_treatment" property="orderCloseAllPendingTreatment" jdbcType="INTEGER" />
    <result column="order_close_all_unallocatednt" property="orderCloseAllUnallocatednt" jdbcType="INTEGER" />
    <result column="reminder_minimum_time" property="reminderMinimumTime" jdbcType="INTEGER" />
    <result column="reminder_notice" property="reminderNotice" jdbcType="INTEGER" />
    <result column="reminder_role_unallocatednt_user" property="reminderRoleUnallocatedntUser" jdbcType="INTEGER" />
    <result column="reminder_handler_user" property="reminderHandlerUser" jdbcType="INTEGER" />
    <result column="mail_server_host" property="mailServerHost" jdbcType="VARCHAR" />
    <result column="mail_server_port" property="mailServerPort" jdbcType="VARCHAR" />
    <result column="mail_username" property="mailUserName" jdbcType="VARCHAR" />
    <result column="mail_password" property="mailPassword" jdbcType="VARCHAR" />
    <result column="day_num" property="dayNum" jdbcType="INTEGER" />
    <result column="author_position" property="authorPosition" jdbcType="VARCHAR" />
    <result column="audio_clock_start_time" property="audioClockStartTime" jdbcType="VARCHAR" />
    <result column="audio_clock_end_time" property="audioClockEndTime" jdbcType="VARCHAR" />
  </resultMap>
  <sql id="Base_Column_List" >
    company_id, next_node_handler, order_notice, notice_email, notice_msg, notice_pop, 
    delete_notice_publisher, close_notice_publisher, close_notice_handler, reply_notice_publisher, 
    reply_notice_handler, reject_notice_previous_handler, distribution_notice_distributee, 
    transfer_notice_transferredperson, transfer_notice_handler, order_close_my_pending_treatment,
    create_time, update_time, create_by, update_by, order_close_my_created, order_close_role_created, 
    order_close_role_pending_treatment, order_close_all_pending_treatment, order_close_all_unallocatednt, 
    reminder_minimum_time, reminder_notice, reminder_role_unallocatednt_user, reminder_handler_user,
    audio_clock_start_time, audio_clock_end_time
  </sql>
  <sql id="mail_Column_List" >
    company_id, mail_server_host,mail_server_port,mail_username,mail_password
  </sql>
  <select id="selectByPrimaryKey" resultMap="BaseResultMap" parameterType="java.lang.String" >
    select *
    from nid_config
    where company_id = #{companyId,jdbcType=CHAR}
  </select>
  <select id="list" resultMap="BaseResultMap">
    select * from nid_config
  </select>
  <delete id="deleteByPrimaryKey" parameterType="java.lang.String" >
    delete from nid_config
    where company_id = #{companyId,jdbcType=CHAR}
  </delete>
  <insert id="insert" parameterType="org.fh.entity.system.NidConfig" >
    insert into nid_config (company_id, next_node_handler, order_notice, 
      notice_email, notice_msg, notice_pop, 
      delete_notice_publisher, close_notice_publisher, 
      close_notice_handler, reply_notice_publisher, 
      reply_notice_handler, reject_notice_previous_handler, 
      distribution_notice_distributee, transfer_notice_transferredperson, 
      transfer_notice_handler, order_close_my_pending_treatment,
      create_time, update_time, create_by, 
      update_by, order_close_my_created, order_close_role_created, 
      order_close_role_pending_treatment, order_close_all_pending_treatment, 
      order_close_all_unallocatednt, reminder_minimum_time, 
      reminder_notice, reminder_role_unallocatednt_user, 
      reminder_handler_user,day_num,author_position,
      audio_clock_start_time,audio_clock_end_time)
    values (#{companyId,jdbcType=CHAR}, #{nextNodeHandler,jdbcType=INTEGER}, #{orderNotice,jdbcType=INTEGER}, 
      #{noticeEmail,jdbcType=INTEGER}, #{noticeMsg,jdbcType=INTEGER}, #{noticePop,jdbcType=INTEGER}, 
      #{deleteNoticePublisher,jdbcType=INTEGER}, #{closeNoticePublisher,jdbcType=INTEGER}, 
      #{closeNoticeHandler,jdbcType=INTEGER}, #{replyNoticePublisher,jdbcType=INTEGER}, 
      #{replyNoticeHandler,jdbcType=INTEGER}, #{rejectNoticePreviousHandler,jdbcType=INTEGER}, 
      #{distributionNoticeDistributee,jdbcType=INTEGER}, #{transferNoticeTransferredperson,jdbcType=INTEGER}, 
      #{transferNoticeHandler,jdbcType=INTEGER}, #{orderCloseMyPendingTreatment,jdbcType=INTEGER}, 
      #{createTime,jdbcType=TIMESTAMP}, #{updateTime,jdbcType=TIMESTAMP}, #{createBy,jdbcType=VARCHAR}, 
      #{updateBy,jdbcType=VARCHAR}, #{orderCloseMyCreated,jdbcType=INTEGER}, #{orderCloseRoleCreated,jdbcType=INTEGER}, 
      #{orderCloseRolePendingTreatment,jdbcType=INTEGER}, #{orderCloseAllPendingTreatment,jdbcType=INTEGER}, 
      #{orderCloseAllUnallocatednt,jdbcType=INTEGER}, #{reminderMinimumTime,jdbcType=INTEGER}, 
      #{reminderNotice,jdbcType=INTEGER}, #{reminderRoleUnallocatedntUser,jdbcType=INTEGER}, 
      #{reminderHandlerUser,jdbcType=INTEGER},#{dayNum,jdbcType=INTEGER},#{authorPosition,jdbcType=VARCHAR},
      #{audioClockStartTime,jdbcType=VARCHAR},#{audioClockEndTime,jdbcType=VARCHAR})
  </insert>
  <insert id="insertSelective" parameterType="org.fh.entity.system.NidConfig" >
    insert into nid_config
    <trim prefix="(" suffix=")" suffixOverrides="," >
      <if test="companyId != null" >
        company_id,
      </if>
      <if test="nextNodeHandler != null" >
        next_node_handler,
      </if>
      <if test="orderNotice != null" >
        order_notice,
      </if>
      <if test="noticeEmail != null" >
        notice_email,
      </if>
      <if test="noticeMsg != null" >
        notice_msg,
      </if>
      <if test="noticePop != null" >
        notice_pop,
      </if>
      <if test="deleteNoticePublisher != null" >
        delete_notice_publisher,
      </if>
      <if test="closeNoticePublisher != null" >
        close_notice_publisher,
      </if>
      <if test="closeNoticeHandler != null" >
        close_notice_handler,
      </if>
      <if test="replyNoticePublisher != null" >
        reply_notice_publisher,
      </if>
      <if test="replyNoticeHandler != null" >
        reply_notice_handler,
      </if>
      <if test="rejectNoticePreviousHandler != null" >
        reject_notice_previous_handler,
      </if>
      <if test="distributionNoticeDistributee != null" >
        distribution_notice_distributee,
      </if>
      <if test="transferNoticeTransferredperson != null" >
        transfer_notice_transferredperson,
      </if>
      <if test="transferNoticeHandler != null" >
        transfer_notice_handler,
      </if>
      <if test="orderCloseMyPendingTreatment != null" >
        order_close_my_pending_treatment,
      </if>
      <if test="createTime != null" >
        create_time,
      </if>
      <if test="updateTime != null" >
        update_time,
      </if>
      <if test="createBy != null" >
        create_by,
      </if>
      <if test="updateBy != null" >
        update_by,
      </if>
      <if test="orderCloseMyCreated != null" >
        order_close_my_created,
      </if>
      <if test="orderCloseRoleCreated != null" >
        order_close_role_created,
      </if>
      <if test="orderCloseRolePendingTreatment != null" >
        order_close_role_pending_treatment,
      </if>
      <if test="orderCloseAllPendingTreatment != null" >
        order_close_all_pending_treatment,
      </if>
      <if test="orderCloseAllUnallocatednt != null" >
        order_close_all_unallocatednt,
      </if>
      <if test="reminderMinimumTime != null" >
        reminder_minimum_time,
      </if>
      <if test="reminderNotice != null" >
        reminder_notice,
      </if>
      <if test="reminderRoleUnallocatedntUser != null" >
        reminder_role_unallocatednt_user,
      </if>
      <if test="reminderHandlerUser != null" >
        reminder_handler_user,
      </if>
      <if test="dayNum != null" >
        day_num,
      </if>
      <if test="authorPosition != null" >
        author_position,
      </if>
      <if test="audioClockStartTime != null" >
        audio_clock_start_time,
      </if>
      <if test="audioClockEndTime != null">
        audio_clock_end_time,
      </if>
    </trim>
    <trim prefix="values (" suffix=")" suffixOverrides="," >
      <if test="companyId != null" >
        #{companyId,jdbcType=CHAR},
      </if>
      <if test="nextNodeHandler != null" >
        #{nextNodeHandler,jdbcType=INTEGER},
      </if>
      <if test="orderNotice != null" >
        #{orderNotice,jdbcType=INTEGER},
      </if>
      <if test="noticeEmail != null" >
        #{noticeEmail,jdbcType=INTEGER},
      </if>
      <if test="noticeMsg != null" >
        #{noticeMsg,jdbcType=INTEGER},
      </if>
      <if test="noticePop != null" >
        #{noticePop,jdbcType=INTEGER},
      </if>
      <if test="deleteNoticePublisher != null" >
        #{deleteNoticePublisher,jdbcType=INTEGER},
      </if>
      <if test="closeNoticePublisher != null" >
        #{closeNoticePublisher,jdbcType=INTEGER},
      </if>
      <if test="closeNoticeHandler != null" >
        #{closeNoticeHandler,jdbcType=INTEGER},
      </if>
      <if test="replyNoticePublisher != null" >
        #{replyNoticePublisher,jdbcType=INTEGER},
      </if>
      <if test="replyNoticeHandler != null" >
        #{replyNoticeHandler,jdbcType=INTEGER},
      </if>
      <if test="rejectNoticePreviousHandler != null" >
        #{rejectNoticePreviousHandler,jdbcType=INTEGER},
      </if>
      <if test="distributionNoticeDistributee != null" >
        #{distributionNoticeDistributee,jdbcType=INTEGER},
      </if>
      <if test="transferNoticeTransferredperson != null" >
        #{transferNoticeTransferredperson,jdbcType=INTEGER},
      </if>
      <if test="transferNoticeHandler != null" >
        #{transferNoticeHandler,jdbcType=INTEGER},
      </if>
      <if test="orderCloseMyPendingTreatment != null" >
        #{orderCloseMyPendingTreatment,jdbcType=INTEGER},
      </if>
      <if test="createTime != null" >
        #{createTime,jdbcType=TIMESTAMP},
      </if>
      <if test="updateTime != null" >
        #{updateTime,jdbcType=TIMESTAMP},
      </if>
      <if test="createBy != null" >
        #{createBy,jdbcType=VARCHAR},
      </if>
      <if test="updateBy != null" >
        #{updateBy,jdbcType=VARCHAR},
      </if>
      <if test="orderCloseMyCreated != null" >
        #{orderCloseMyCreated,jdbcType=INTEGER},
      </if>
      <if test="orderCloseRoleCreated != null" >
        #{orderCloseRoleCreated,jdbcType=INTEGER},
      </if>
      <if test="orderCloseRolePendingTreatment != null" >
        #{orderCloseRolePendingTreatment,jdbcType=INTEGER},
      </if>
      <if test="orderCloseAllPendingTreatment != null" >
        #{orderCloseAllPendingTreatment,jdbcType=INTEGER},
      </if>
      <if test="orderCloseAllUnallocatednt != null" >
        #{orderCloseAllUnallocatednt,jdbcType=INTEGER},
      </if>
      <if test="reminderMinimumTime != null" >
        #{reminderMinimumTime,jdbcType=INTEGER},
      </if>
      <if test="reminderNotice != null" >
        #{reminderNotice,jdbcType=INTEGER},
      </if>
      <if test="reminderRoleUnallocatedntUser != null" >
        #{reminderRoleUnallocatedntUser,jdbcType=INTEGER},
      </if>
      <if test="reminderHandlerUser != null" >
        #{reminderHandlerUser,jdbcType=INTEGER},
      </if>
      <if test="dayNum != null" >
        #{dayNum,jdbcType=INTEGER},
      </if>
      <if test="authorPosition != null" >
        #{authorPosition,jdbcType=VARCHAR},
      </if>
      <if test="audioClockStartTime != null" >
        #{audioClockStartTime,jdbcType=VARCHAR},
      </if>
      <if test="audioClockEndTime != null">
        #{audioClockEndTime,jdbcType=VARCHAR},
      </if>
    </trim>
  </insert>
  <update id="updateByPrimaryKeySelective" parameterType="org.fh.entity.system.NidConfig" >
    update nid_config
    <set >
      <if test="nextNodeHandler != null" >
        next_node_handler = #{nextNodeHandler,jdbcType=INTEGER},
      </if>
      <if test="orderNotice != null" >
        order_notice = #{orderNotice,jdbcType=INTEGER},
      </if>
      <if test="noticeEmail != null" >
        notice_email = #{noticeEmail,jdbcType=INTEGER},
      </if>
      <if test="noticeMsg != null" >
        notice_msg = #{noticeMsg,jdbcType=INTEGER},
      </if>
      <if test="noticePop != null" >
        notice_pop = #{noticePop,jdbcType=INTEGER},
      </if>
      <if test="deleteNoticePublisher != null" >
        delete_notice_publisher = #{deleteNoticePublisher,jdbcType=INTEGER},
      </if>
      <if test="closeNoticePublisher != null" >
        close_notice_publisher = #{closeNoticePublisher,jdbcType=INTEGER},
      </if>
      <if test="closeNoticeHandler != null" >
        close_notice_handler = #{closeNoticeHandler,jdbcType=INTEGER},
      </if>
      <if test="replyNoticePublisher != null" >
        reply_notice_publisher = #{replyNoticePublisher,jdbcType=INTEGER},
      </if>
      <if test="replyNoticeHandler != null" >
        reply_notice_handler = #{replyNoticeHandler,jdbcType=INTEGER},
      </if>
      <if test="rejectNoticePreviousHandler != null" >
        reject_notice_previous_handler = #{rejectNoticePreviousHandler,jdbcType=INTEGER},
      </if>
      <if test="distributionNoticeDistributee != null" >
        distribution_notice_distributee = #{distributionNoticeDistributee,jdbcType=INTEGER},
      </if>
      <if test="transferNoticeTransferredperson != null" >
        transfer_notice_transferredperson = #{transferNoticeTransferredperson,jdbcType=INTEGER},
      </if>
      <if test="transferNoticeHandler != null" >
        transfer_notice_handler = #{transferNoticeHandler,jdbcType=INTEGER},
      </if>
      <if test="orderCloseMyPendingTreatment != null" >
        order_close_my_pending_treatment = #{orderCloseMyPendingTreatment,jdbcType=INTEGER},
      </if>
      <if test="createTime != null" >
        create_time = #{createTime,jdbcType=TIMESTAMP},
      </if>
      <if test="updateTime != null" >
        update_time = #{updateTime,jdbcType=VARCHAR},
      </if>
      <if test="createBy != null" >
        create_by = #{createBy,jdbcType=VARCHAR},
      </if>
      <if test="updateBy != null" >
        update_by = #{updateBy,jdbcType=VARCHAR},
      </if>
      <if test="orderCloseMyCreated != null" >
        order_close_my_created = #{orderCloseMyCreated,jdbcType=INTEGER},
      </if>
      <if test="orderCloseRoleCreated != null" >
        order_close_role_created = #{orderCloseRoleCreated,jdbcType=INTEGER},
      </if>
      <if test="orderCloseRolePendingTreatment != null" >
        order_close_role_pending_treatment = #{orderCloseRolePendingTreatment,jdbcType=INTEGER},
      </if>
      <if test="orderCloseAllPendingTreatment != null" >
        order_close_all_pending_treatment = #{orderCloseAllPendingTreatment,jdbcType=INTEGER},
      </if>
      <if test="orderCloseAllUnallocatednt != null" >
        order_close_all_unallocatednt = #{orderCloseAllUnallocatednt,jdbcType=INTEGER},
      </if>
      <if test="reminderMinimumTime != null" >
        reminder_minimum_time = #{reminderMinimumTime,jdbcType=INTEGER},
      </if>
      <if test="reminderNotice != null" >
        reminder_notice = #{reminderNotice,jdbcType=INTEGER},
      </if>
      <if test="reminderRoleUnallocatedntUser != null" >
        reminder_role_unallocatednt_user = #{reminderRoleUnallocatedntUser,jdbcType=INTEGER},
      </if>
      <if test="reminderHandlerUser != null" >
        reminder_handler_user = #{reminderHandlerUser,jdbcType=INTEGER},
      </if>
      <if test="mailServerHost != null" >
        mail_server_host = #{mailServerHost},
      </if>
      <if test=" mailServerPort != null" >
        mail_server_port = #{mailServerPort},
      </if>
      <if test="mailUserName != null" >
        mail_username = #{mailUserName},
      </if>
      <if test="mailPassword != null" >
        mail_password = #{mailPassword},
      </if>
      <if test="dayNum != null" >
        day_num = #{dayNum,jdbcType=INTEGER},
      </if>
      <if test="authorPosition != null" >
        author_position = #{authorPosition,jdbcType=VARCHAR},
      </if>
      <if test="audioClockStartTime != null" >
        audio_clock_start_time =  #{audioClockStartTime,jdbcType=VARCHAR},
      </if>
      <if test="audioClockEndTime != null" >
        audio_clock_end_time = #{audioClockEndTime,jdbcType=VARCHAR}
      </if>
    </set>
    where company_id = #{companyId,jdbcType=CHAR}
  </update>
  <update id="updateByPrimaryKey" parameterType="org.fh.entity.system.NidConfig" >
    update nid_config
    set next_node_handler = #{nextNodeHandler,jdbcType=INTEGER},
      order_notice = #{orderNotice,jdbcType=INTEGER},
      notice_email = #{noticeEmail,jdbcType=INTEGER},
      notice_msg = #{noticeMsg,jdbcType=INTEGER},
      notice_pop = #{noticePop,jdbcType=INTEGER},
      delete_notice_publisher = #{deleteNoticePublisher,jdbcType=INTEGER},
      close_notice_publisher = #{closeNoticePublisher,jdbcType=INTEGER},
      close_notice_handler = #{closeNoticeHandler,jdbcType=INTEGER},
      reply_notice_publisher = #{replyNoticePublisher,jdbcType=INTEGER},
      reply_notice_handler = #{replyNoticeHandler,jdbcType=INTEGER},
      reject_notice_previous_handler = #{rejectNoticePreviousHandler,jdbcType=INTEGER},
      distribution_notice_distributee = #{distributionNoticeDistributee,jdbcType=INTEGER},
      transfer_notice_transferredperson = #{transferNoticeTransferredperson,jdbcType=INTEGER},
      transfer_notice_handler = #{transferNoticeHandler,jdbcType=INTEGER},
      order_close_my_pending_treatment = #{orderCloseMyPendingTreatment,jdbcType=INTEGER},
      create_time = #{createTime,jdbcType=TIMESTAMP},
      update_time = #{updateTime,jdbcType=TIMESTAMP},
      create_by = #{createBy,jdbcType=VARCHAR},
      update_by = #{updateBy,jdbcType=VARCHAR},
      order_close_my_created = #{orderCloseMyCreated,jdbcType=INTEGER},
      order_close_role_created = #{orderCloseRoleCreated,jdbcType=INTEGER},
      order_close_role_pending_treatment = #{orderCloseRolePendingTreatment,jdbcType=INTEGER},
      order_close_all_pending_treatment = #{orderCloseAllPendingTreatment,jdbcType=INTEGER},
      order_close_all_unallocatednt = #{orderCloseAllUnallocatednt,jdbcType=INTEGER},
      reminder_minimum_time = #{reminderMinimumTime,jdbcType=INTEGER},
      reminder_notice = #{reminderNotice,jdbcType=INTEGER},
      reminder_role_unallocatednt_user = #{reminderRoleUnallocatedntUser,jdbcType=INTEGER},
      reminder_handler_user = #{reminderHandlerUser,jdbcType=INTEGER},
      day_num = #{dayNum,jdbcType=INTEGER},
      author_position = #{authorPosition,jdbcType=VARCHAR}
    where company_id = #{companyId,jdbcType=CHAR}
  </update>
</mapper>