<?xml version="1.0" encoding="UTF-8" ?>
<!DOCTYPE mapper PUBLIC "-//mybatis.org//DTD Mapper 3.0//EN" "http://mybatis.org/dtd/mybatis-3-mapper.dtd" >
<mapper namespace="org.fh.mapper.dsno1.system.NoticesMapper" >
  <resultMap id="BaseResultMap" type="org.fh.entity.system.Notices" >
    <id column="id" property="id" jdbcType="INTEGER" />
    <result column="work_id" property="workId" jdbcType="VARCHAR" />
    <result column="type" property="type" jdbcType="VARCHAR" />
    <result column="read_status" property="readStatus" jdbcType="INTEGER" />
    <result column="insert_time" property="insertTime" jdbcType="TIMESTAMP" />
    <result column="to_user" property="toUser" jdbcType="VARCHAR" />
    <result column="from_user" property="fromUser" jdbcType="VARCHAR" />
    <result column="company_id" property="companyId" jdbcType="CHAR" />
    <result column="title" property="workTitle" jdbcType="VARCHAR" />
  </resultMap>
  <sql id="Base_Column_List" >
    id, work_id, type, read_status, insert_time, to_user, from_user, company_id
  </sql>
  <select id="selectByPrimaryKey" resultMap="BaseResultMap" parameterType="java.lang.String" >
    select 
    <include refid="Base_Column_List" />
    from sys_notices
    where id = #{id}
  </select>
  <delete id="deleteByPrimaryKey" parameterType="java.lang.String" >
    delete from sys_notices
    where id = #{id}
  </delete>
  <insert id="insert" parameterType="list" >
    insert into sys_notices (id,work_id, type,
      read_status, insert_time, to_user, 
      from_user, company_id)
    values
    <foreach collection="list" index="index" item="notices" separator=",">
      ( #{notices.id,jdbcType=VARCHAR},#{notices.workId,jdbcType=VARCHAR}, #{notices.type,jdbcType=VARCHAR},
      0, now(), #{notices.toUser,jdbcType=VARCHAR},
      #{notices.fromUser,jdbcType=VARCHAR}, #{notices.companyId,jdbcType=CHAR})
    </foreach>
  </insert>
  <insert id="insertSelective" parameterType="org.fh.entity.system.Notices" >
    insert into sys_notices
    <trim prefix="(" suffix=")" suffixOverrides="," >
      <if test="id != null" >
        id,
      </if>
      <if test="workId != null" >
        work_id,
      </if>
      <if test="type != null" >
        type,
      </if>
      <if test="readStatus != null" >
        read_status,
      </if>
      <if test="insertTime != null" >
        insert_time,
      </if>
      <if test="toUser != null" >
        to_user,
      </if>
      <if test="fromUser != null" >
        from_user,
      </if>
      <if test="companyId != null" >
        company_id,
      </if>
    </trim>
    <trim prefix="values (" suffix=")" suffixOverrides="," >
      <if test="id != null" >
        #{id,jdbcType=INTEGER},
      </if>
      <if test="workId != null" >
        #{workId,jdbcType=VARCHAR},
      </if>
      <if test="type != null" >
        #{type,jdbcType=VARCHAR},
      </if>
      <if test="readStatus != null" >
        #{readStatus,jdbcType=INTEGER},
      </if>
      <if test="insertTime != null" >
        #{insertTime,jdbcType=TIMESTAMP},
      </if>
      <if test="toUser != null" >
        #{toUser,jdbcType=VARCHAR},
      </if>
      <if test="fromUser != null" >
        #{fromUser,jdbcType=VARCHAR},
      </if>
      <if test="companyId != null" >
        #{companyId,jdbcType=CHAR},
      </if>
    </trim>
  </insert>
  <update id="updateByPrimaryKeySelective" parameterType="org.fh.entity.system.Notices" >
    update sys_notices
    <set >
      <if test="workId != null" >
        work_id = #{workId,jdbcType=VARCHAR},
      </if>
      <if test="type != null" >
        type = #{type,jdbcType=VARCHAR},
      </if>
      <if test="readStatus != null" >
        read_status = #{readStatus,jdbcType=INTEGER},
      </if>
      <if test="insertTime != null" >
        insert_time = #{insertTime,jdbcType=TIMESTAMP},
      </if>
      <if test="toUser != null" >
        to_user = #{toUser,jdbcType=VARCHAR},
      </if>
      <if test="fromUser != null" >
        from_user = #{fromUser,jdbcType=VARCHAR},
      </if>
      <if test="companyId != null" >
        company_id = #{companyId,jdbcType=CHAR},
      </if>
    </set>
    where id = #{id,jdbcType=INTEGER}
  </update>
  <update id="updateByPrimaryKey" parameterType="org.fh.entity.system.Notices" >
    update sys_notices
    set work_id = #{workId,jdbcType=VARCHAR},
      type = #{type,jdbcType=VARCHAR},
      read_status = #{readStatus,jdbcType=INTEGER},
      insert_time = #{insertTime,jdbcType=TIMESTAMP},
      to_user = #{toUser,jdbcType=VARCHAR},
      from_user = #{fromUser,jdbcType=VARCHAR},
      company_id = #{companyId,jdbcType=CHAR}
    where id = #{id,jdbcType=INTEGER}
  </update>
  <select id="listByUserIdAndStatus" parameterType="map" resultMap="BaseResultMap">
    SELECT sn.* ,hwo.title
    from sys_notices  sn
    left  join  hs_work_order  hwo
    on  sn.work_id = hwo.id
    where sn.company_id = #{companyId,jdbcType=CHAR}
    and sn.to_user = #{userId,jdbcType=VARCHAR} order by sn.insert_time desc
  </select>
  <update id="setRead" parameterType="map" >
    UPDATE sys_notices set  read_status=1
    where company_id = #{companyId,jdbcType=CHAR}
    and id in
    <foreach collection="idList" open="(" close=")" item="id" index="index" separator=",">
      #{id}
    </foreach>

  </update>
  <delete id="setdelete" parameterType="map" >
    delete  from
    sys_notices
    where company_id = #{companyId,jdbcType=CHAR}
    and id in
    <foreach collection="idList" open="(" close=")" item="id" index="index" separator=",">
      #{id}
    </foreach>

  </delete>

  <select id="countNotReadNotices" parameterType="map" resultType="int">

   SELECT COUNT ( 1 ) FROM sys_notices WHERE read_status = 0 AND to_user = #{ userId, jdbcType = VARCHAR }

  </select>

</mapper>