<?xml version="1.0" encoding="UTF-8" ?>
<!DOCTYPE mapper PUBLIC "-//mybatis.org//DTD Mapper 3.0//EN" "http://mybatis.org/dtd/mybatis-3-mapper.dtd" >
<mapper namespace="org.fh.mapper.dsno1.taskManager.UserDefTaskMapper" >
  <select id="queryDefTask" parameterType="org.fh.entity.system.QueryParams" resultType="pd"  >
      <include refid="org.fh.mapper.dsno1.workorder.HsWorkOrderMapper.queryInfo" />
      <if test="formInfos != null and formInfos != '' ">
          INNER JOIN
          (
          select * from hs_work_form

          WHERE form_uuid = #{formInfos}
          ) t
          on t.work_id = id
      </if>
    where
        hwo.company_id = #{companyId}
      <if test="phone != null and phone != '' ">
          and hwo.phone like CONCAT('%',#{phone},'%')
      </if>
      <if test="customerName != null and customerName != '' ">
          and hwo.customer_name like CONCAT('%',#{customerName},'%')
      </if>
      <if test="customerNo != null and customerNo != '' ">
          and hwo.customer_no like CONCAT('%',#{customerNo},'%')
      </if>
      <if test="advisoryTypeTop != null and advisoryTypeTop != '' ">
          and hwo.advisory_type_top = #{advisoryTypeTop}
      </if>
      <if test="myBankCustomer != null and myBankCustomer != '' ">
          and hwo.my_bank_customer = #{myBankCustomer}
      </if>
      <if test="businessType != null and businessType != '' ">
          and hwo.business_type = #{businessType}
      </if>
      <if test="creatorName != null and creatorName != '' ">
          and hwo.creator_name like CONCAT('%',#{creatorName},'%')
      </if>
<!--      <if test="formInfos != null and formInfos != '' ">-->
<!--          and hwo.form_ids like CONCAT('%',#{formInfos},'%')-->
<!--      </if>-->
      <if test="title != null and title != '' ">
          and hwo.title like CONCAT('%',#{title},'%')
      </if>

      <if test="status != null and status != '' ">
          and hwo.status = #{status}
      </if>

      <if test="createStartTime != null and createStartTime != '' ">
          and hwo.create_time <![CDATA[>= ]]> to_timestamp(#{createStartTime},'yyyy-mm-dd hh24:mi:ss')
      </if>
      <if test="createEndTime != null and createEndTime != '' ">
          and hwo.create_time <![CDATA[<= ]]> to_timestamp(#{createEndTime},'yyyy-mm-dd hh24:mi:ss')
      </if>
      <if test="priority != null and priority != '' ">
          and hwo.priority = #{priority}
      </if>
      <if test="identityVerifyType != null and identityVerifyType != '' ">
          and hwo.identity_verify_type = #{identityVerifyType}
      </if>
      <if test="pass != null and pass != '' ">
          and hwo.pass = #{pass}
      </if>
        order by hwo.priority desc,ahp.start_time_ desc
   </select>

    <select id="queryExcelDefTask" parameterType="org.fh.entity.system.QueryParams"
            resultType="org.fh.entity.workerorder.HsWorkOrder">
        <include refid="org.fh.mapper.dsno1.workorder.HsWorkOrderMapper.queryInfo" />
        <if test="formInfos != null and formInfos != '' ">
            INNER JOIN
            (
            select * from hs_work_form

            WHERE form_uuid = #{formInfos}
            ) t
            on t.work_id = hwo.id
        </if>
        where
        hwo.company_id = #{companyId}
        <if test="phone != null and phone != '' ">
            and hwo.phone like CONCAT('%',#{phone},'%')
        </if>
        <if test="customerName != null and customerName != '' ">
            and hwo.customer_name like CONCAT('%',#{customerName},'%')
        </if>
        <if test="customerNo != null and customerNo != '' ">
            and hwo.customer_no like CONCAT('%',#{customerNo},'%')
        </if>
        <if test="advisoryTypeTop != null and advisoryTypeTop != '' ">
            and hwo.advisory_type_top = #{advisoryTypeTop}
        </if>
        <if test="myBankCustomer != null and myBankCustomer != '' ">
            and hwo.my_bank_customer = #{myBankCustomer}
        </if>
        <if test="businessType != null and businessType != '' ">
            and hwo.business_type = #{businessType}
        </if>
        <if test="creatorName != null and creatorName != '' ">
            and hwo.creator_name like CONCAT('%',#{creatorName},'%')
        </if>
<!--        <if test="formInfos != null and formInfos != '' ">-->
<!--            and hwo.form_ids like CONCAT('%',#{formInfos},'%')-->
<!--        </if>-->
        <if test="title != null and title != '' ">
            and hwo.title like CONCAT('%',#{title},'%')
        </if>


        <if test="status != null and status != '' ">
            and hwo.status = #{status}
        </if>

        <if test="createStartTime != null and createStartTime != '' ">
            and hwo.create_time <![CDATA[>= ]]> to_timestamp(#{createStartTime},'yyyy-mm-dd hh24:mi:ss')
        </if>
        <if test="createEndTime != null and createEndTime != '' ">
            and hwo.create_time <![CDATA[<= ]]> to_timestamp(#{createEndTime},'yyyy-mm-dd hh24:mi:ss')
        </if>
        <if test="priority != null and priority != '' ">
            and hwo.priority = #{priority}
        </if>
        <if test="identityVerifyType != null and identityVerifyType != '' ">
            and hwo.identity_verify_type = #{identityVerifyType}
        </if>
        <if test="pass != null and pass != '' ">
            and hwo.pass = #{pass}
        </if>
        order by ahp.start_time_ desc
    </select>
</mapper>