<?xml version="1.0" encoding="UTF-8"?>
<!DOCTYPE mapper PUBLIC "-//mybatis.org//DTD Mapper 3.0//EN" "http://mybatis.org/dtd/mybatis-3-mapper.dtd">
<mapper namespace="org.fh.mapper.dsno1.act.ActModelMapper">

    <!--模型表名 -->
    <sql id="tableName">
        ACT_RE_MODEL
    </sql>

    <!--数据字典表名 -->
    <sql id="dicTableName">
        SYS_DICTIONARIES
    </sql>
<!--   <resultMap id="mapResultMap"   type="HashMap">-->
<!--     <result property="" column="key_" jdbcType="VARCHAR" javaType="java.lang.String" />-->
<!--     <result property="value" column="name_" jdbcType="VARCHAR" javaType="java.lang.String" />-->
<!--   </resultMap>-->
    <!-- 列表 -->
    <select id="datalistPage" parameterType="pd" resultType="pd">
        select
            arm.id_ id,
            arm.name_ as name,
            arm.meta_info_ description,
            arm.key_ "activitiProcKey",
            arm.create_time_ "crtTime",
            arm.last_update_time_ "lstUpdTime",
            ard.deploy_time_ "deployTime"
        from
            act_re_model arm
        left join
            (
            select
                arp.key_ ,
                arp.deployment_id_
            from
              act_re_procdef arp
            inner join
              (select key_,max(version_) version_ from act_re_procdef group by key_) arp2
                on
                arp.key_ = arp2.key_ and arp.version_ = arp2.version_ ) arpp
        on
            arpp.key_ = arm.key_
        left join
            act_re_deployment ard
        on
            ard.id_ = arpp.deployment_id_
        where
            arm.tenant_id_ = #{companyId}
        <if test="keywords!= null and keywords != ''"><!-- 关键词检索 -->
            and
            (
            arm.name_ like concat(concat('%', #{keywords}),'%')
            )
        </if>
        order by arm.last_update_time_ desc
    </select>


    <select id="deployFlowList" parameterType="pd" resultType="pd">
        select
        arm.id_ id,
        arm.name_ as name,
        arm.meta_info_ description,
        arm.key_ "activitiProcKey",
        arm.create_time_ "crtTime",
        arm.last_update_time_ "lstUpdTime",
        ard.deploy_time_ "deployTime"
        from
        act_re_model arm
        left join
        (
        select
        arp.key_ ,
        arp.deployment_id_
        from
        act_re_procdef arp
        inner join
        (select key_,max(version_) version_ from act_re_procdef group by key_) arp2
        on
        arp.key_ = arp2.key_ and arp.version_ = arp2.version_ ) arpp
        on
        arpp.key_ = arm.key_
        left join
        act_re_deployment ard
        on
        ard.id_ = arpp.deployment_id_
        where
        arm.tenant_id_ = #{companyId}
        and
        ard.deploy_time_ is not null
        order by arm.last_update_time_ desc
    </select>


    <!-- 通过ID获取数据 -->
    <select id="findById" parameterType="pd" resultType="pd">
        select
        id_ id,
        name_ as name,
        meta_info_ description
        from
        <include refid="tableName"></include>
        where
        id_ = #{id}
    </select>

    <!-- 修改类型 -->
    <update id="edit" parameterType="pd">
        update
        <include refid="tableName"></include>
        set
            name_ = #{name},
            meta_info_ = #{description,jdbcType=VARCHAR}
        where
        id_ = #{id}
    </update>

    <select id="isRenameForRelated" resultType="java.lang.Integer">
        SELECT
            COUNT(0)
        FROM
        <include refid="tableName"></include>
        WHERE
            name_ = #{name}
        and
            tenant_id_=#{companyId}
        <if test="editFlag == true">
            AND
            id_ !=#{id}
        </if>
    </select>

    <select id="queryActivitiProcKey" parameterType="java.util.Map" resultType="java.lang.String">
        SELECT
          key_
        FROM
          <include refid="tableName"></include>
        WHERE
          id_ = #{modelId}
        and
          tenant_id_=#{companyId}
    </select>
    <select id="getAllActiviti"  resultType="java.util.Map">
        SELECT
        key_ AS KEY ,name_ AS value
        FROM
        <include refid="tableName"></include>
    </select>
</mapper>

