<?xml version="1.0" encoding="UTF-8" ?>
<!DOCTYPE mapper PUBLIC "-//mybatis.org//DTD Mapper 3.0//EN" "http://mybatis.org/dtd/mybatis-3-mapper.dtd" >
<mapper namespace="org.fh.mapper.dsno1.workorder.ExOtpInfoMapper" >
  <resultMap id="BaseResultMap" type="org.fh.entity.workerorder.ExOtpInfo" >
    <!--
      WARNING - @mbggenerated
    -->
      <id column="id" property="id" jdbcType="VARCHAR" />
      <result column="customer_name" property="customerName" jdbcType="VARCHAR" />
      <result column="customer_no" property="customerNo" jdbcType="VARCHAR" />
      <result column="phone" property="phone" jdbcType="VARCHAR" />
      <result column="sms_result" property="smsResult" jdbcType="VARCHAR" />
      <result column="check_result" property="checkResult" jdbcType="VARCHAR" />
      <result column="check_time" property="checkTime" jdbcType="VARCHAR" />
      <result column="create_time" property="createTime" jdbcType="TIMESTAMP" />
      <result column="account_name" property="creatorName" jdbcType="VARCHAR" />
      <result column="create_id" property="creatorId" jdbcType="VARCHAR" />
  </resultMap>

  <sql id="tableName">
    ex_otp_info
  </sql>




  <select id="pageList" resultMap="BaseResultMap" parameterType="map">
      select
          hoi.customer_name,
          hoi.customer_no,
          hoi.phone,
          hoi.sms_result,
          hoi.check_result,
          hoi.check_time,
          hoi.create_time,
          hoi.create_id,
          uu.account_name
      from  <include refid="tableName" /> hoi
      left  join  ump_user uu
      on  hoi.create_id = uu.pk
      <where>
          <if test="customerName != null and customerName != '' ">
             and hoi.customer_name like CONCAT('%',#{customerName},'%')
          </if>
          <if test="customerNo != null and customerNo != '' ">
             and hoi.customer_no = #{customerNo}
          </if>
          <if test="phone != null and phone != '' ">
              and hoi.phone = #{phone}
          </if>
          <if test="smsResult != null and smsResult != '' ">
             and hoi.sms_result = #{smsResult}
          </if>
          <if test="checkResult != null and checkResult != '' ">
             and hoi.check_result  = #{checkResult}
          </if>
          <if test="startTime != null and startTime != '' ">
              and hoi.create_time <![CDATA[>= ]]> to_timestamp(#{startTime},'yyyy-mm-dd hh24:mi:ss')
          </if>
          <if test="endTime != null and endTime != '' ">
              and hoi.create_time <![CDATA[<= ]]> to_timestamp(#{endTime},'yyyy-mm-dd hh24:mi:ss')
          </if>
          <if test="creatorName != null and creatorName != '' ">
              and uu.account_name like CONCAT('%',#{creatorName},'%')
          </if>
      </where>
          order by
          hoi.create_time desc

  </select>




</mapper>