<?xml version="1.0" encoding="UTF-8"?>
<!DOCTYPE mapper PUBLIC "-//mybatis.org//DTD Mapper 3.0//EN" "http://mybatis.org/dtd/mybatis-3-mapper.dtd">
<mapper namespace="org.fh.mapper.dsno1.workorder.WorkorderInfoMapper">

    <resultMap id="workOrder" type="org.fh.entity.system.WorkOrder" >
        <id 	column="id" property="workId" jdbcType="VARCHAR" />
        <result column="name" property="workName" jdbcType="VARCHAR" />
        <result column="proc_inst_id" property="procInstId" jdbcType="VARCHAR" />
    </resultMap>
    <!--表名 -->
    <sql id="tableName">
          nid_work_order
    </sql>



    <!-- 字段用于新增 -->
    <sql id="workField">
        id,
        name,
        proc_inst_id,
        form_uuid,
        form_id,
        status,
        priority,
        company_id,
        channel,
        category_id,
        crt_user,
        description
    </sql>

    <!-- 字段值 -->
    <sql id="workFieldValue">
        #{id},
        #{name},
        #{procInstId},
        #{formUuid},
        #{formId},
        #{workStatus},
        #{priority},
        #{companyId},
        #{channel},
        #{categoryId},
        #{crtUser},
        #{description,jdbcType=VARCHAR}
    </sql>

    <!-- 新增-->
    <insert id="save" parameterType="pd">
        insert into
        <include refid="tableName"></include>
        (
        <include refid="workField"></include>
        ) values (
        <include refid="workFieldValue"></include>
        )
    </insert>


    <!-- 更新工单状态 -->
    <update id="updateWorkStatus" parameterType="map">
        update
          <include refid="tableName"></include>
        set
          status = #{workStatus}
        where
          id= #{workId} and company_id=#{companyId}
    </update>
    <!-- 更新工单删除前状态 -->
    <update id="updateLastStatus" parameterType="map">
        update
        <include refid="tableName"></include>
        set
        last_status = #{workStatus}
        where
        id= #{workId} and company_id=#{companyId}
    </update>
    <update id="updateUrge" parameterType="string">
        UPDATE
        <include refid="tableName"></include>
        SET urge= 1
        where id=#{workId}
    </update>
    <insert id="operateMark" parameterType="java.util.Map">
        insert into
            nid_operate_proc
        (
            work_id,
            task_id,
            form_id,
            operate,
            answer,
            annex,
            crt_user,
            crt_user_name,
            crt_time
        ) values (
            #{work_id},
            #{task_id,jdbcType=VARCHAR},
            #{form_id,jdbcType=VARCHAR},
            #{operate},
            #{answer,jdbcType=VARCHAR},
            #{annex,jdbcType=VARCHAR},
            #{crt_user},
            #{crt_user_name},
            now()
        )
    </insert>

    <select id="selectMark" parameterType="string"  resultType="pd">
        select
            work_id "workId",
            form_id "formId",
            task_id "taskId",
            operate,
            answer,
            annex,
            crt_user as operator,
            crt_user_name as "operateName",
            crt_time as "operateTime"
        from
          nid_operate_proc
        where
          work_id = #{work_id}
    </select>




    <!-- 更新驳回标识 -->
    <update id="updateReject" parameterType="pd">
        update
        <include refid="tableName"></include>
        set
        reject = #{reject}
        where
        id= #{workId}
    </update>

    <!-- 更新驳回标识 -->
    <update id="updateWork" parameterType="pd">
        update
        <include refid="tableName"></include>
        set
          reject = #{reject},
        <if test="priority!=null and priority!=''">
            priority = #{priority},
        </if>
          status = #{workStatus}
        where
        id= #{workId}
    </update>



    <!-- 通过ID获取数据 -->
    <select id="queryWorkOrderById" parameterType="string" resultMap="workOrder">
        select
          <include refid="workField"></include>
        from
          <include refid="tableName"></include>
        where
          id = #{workId}
    </select>

    <select id="checkLimitCount" parameterType="java.util.Map" resultType="integer">
        select
            count(0)
        from
                sys_role_user
        where
                user_id = #{userId}
        and
                role_id in
        (
        select
                ahp.tenant_id_
        from
                act_hi_procinst ahp
        inner join
                nid_work_order nwo
        on
                nwo.proc_inst_id = ahp.id_
        where
                nwo.id = #{workId}
        )
    </select>

    <insert id="addWorkChat" parameterType="java.util.Map" >
        insert into
            nid_work_chat
        (
        work_id,
        chat_id
        )
        values
        (
        #{workId},
        #{chatId}
        )
    </insert>

    <insert id="addWorkCustom" parameterType="java.util.Map" >
        insert into
        nid_work_custom
        (
        work_id,
        custom_id,
        custom_nickname
        )
        values
        (
        #{workId},
        #{customId},
        #{customNickname}
        )
    </insert>
</mapper>