<?xml version="1.0" encoding="UTF-8"?>
<!DOCTYPE mapper PUBLIC "-//mybatis.org//DTD Mapper 3.0//EN" "http://mybatis.org/dtd/mybatis-3-mapper.dtd">
<mapper namespace="org.fh.mapper.dsno1.fhim.FgroupMapper">
	
	<!--表名 -->
	<sql id="tableName">
		IM_FGROUP
	</sql>
	
	<!--数据字典表名 -->
	<sql id="dicTableName">
		SYS_DICTIONARIES
	</sql>
	
	<!-- 字段 -->
	<sql id="Field">
		f.NAME,	
		f.USERNAME,	
		f.FGROUP_ID
	</sql>
	
	<!-- 字段用于新增 -->
	<sql id="Field2">
		NAME,	
		USERNAME,	
		FGROUP_ID
	</sql>
	
	<!-- 字段值 -->
	<sql id="FieldValue">
		#{NAME},	
		#{USERNAME},	
		#{FGROUP_ID}
	</sql>
	
	<!-- 新增-->
	<insert id="save" parameterType="pd">
		insert into 
	<include refid="tableName"></include>
		(
	<include refid="Field2"></include>
		) values (
	<include refid="FieldValue"></include>
		)
	</insert>
	
	<!-- 删除-->
	<delete id="delete" parameterType="pd">
		delete from
		<include refid="tableName"></include>
		where 
			FGROUP_ID = #{FGROUP_ID}
	</delete>
	
	<!-- 修改 -->
	<update id="edit" parameterType="pd">
		update
		<include refid="tableName"></include>
		set 
			NAME = #{NAME},
			FGROUP_ID = FGROUP_ID
		where 
			FGROUP_ID = #{FGROUP_ID}
	</update>
	
	<!-- 通过ID获取数据 -->
	<select id="findById" parameterType="pd" resultType="pd">
		select 
		<include refid="Field"></include>
		from 
		<include refid="tableName"></include> f
		where 
			f.FGROUP_ID = #{FGROUP_ID}
	</select>
	
	<!-- 列表 -->
	<select id="datalistPage" parameterType="page" resultType="pd">
		select
		<include refid="Field"></include>
		from 
		<include refid="tableName"></include> f
		where
			f.USERNAME = #{pd.USERNAME}
	</select>
	
	<!-- 列表(全部) -->
	<select id="listAll" parameterType="pd" resultType="pd">
		select
		<include refid="Field"></include>
		from 
		<include refid="tableName"></include> f
		where 
			f.USERNAME = #{USERNAME}
	</select>
	
	<!-- 批量删除 -->
	<delete id="deleteAll" parameterType="String">
		delete from
		<include refid="tableName"></include>
		where 
			FGROUP_ID in
		<foreach item="item" index="index" collection="array" open="(" separator="," close=")">
                 #{item}
		</foreach>
	</delete>
	
	<!-- fh313596790qq(青苔) -->
</mapper>